"BeerName","Beer_ID","ABV","IBU","Brewery_ID","Style","Ounces"
"Bitter Bitch",1979,0.061,60,178,"American Pale Ale (APA)",12
"Lower De Boom",1036,0.099,92,369,"American Barleywine",8.4
"Fireside Chat",1024,0.079,45,369,"Winter Warmer",12
"Bitter American",876,0.044,42,369,"American Pale Ale (APA)",12
"Hell or High Watermelon Wheat (2009)",802,0.049,17,369,"Fruit / Vegetable Beer",12
"Hell or High Watermelon Wheat (2009)",801,0.049,17,369,"Fruit / Vegetable Beer",12
"21st Amendment Watermelon Wheat Beer (2006)",800,0.049,17,369,"Fruit / Vegetable Beer",12
"21st Amendment IPA (2006)",799,0.07,70,369,"American IPA",12
"Brew Free! or Die IPA (2008)",797,0.07,70,369,"American IPA",12
"Brew Free! or Die IPA (2009)",796,0.07,70,369,"American IPA",12
"Special Edition: Allies Win The War!",531,0.085,52,369,"English Strong Ale",12
"Hop Crisis",432,0.097,94,369,"American Double / Imperial IPA",12
"Bitter American (2011)",353,0.044,42,369,"American Pale Ale (APA)",12
"Fireside Chat (2010)",321,0.079,45,369,"Winter Warmer",12
"Back in Black",173,0.068,65,369,"American Black Ale",12
"Monk's Blood",11,0.083,35,369,"Belgian Dark Ale",12
"Brew Free! or Die IPA",10,0.07,65,369,"American IPA",12
"Hell or High Watermelon Wheat",9,0.049,17,369,"Fruit / Vegetable Beer",12
"Bimini Twist",2519,0.07,82,68,"American IPA",12
"Passion Fruit Prussia",2545,0.035,11,61,"Berliner Weissbier",12
"Send Help",2544,0.045,18,61,"American Blonde Ale",12
"Contact High",1870,0.05,28,61,"American Pale Wheat Ale",12
"Citrafest",2602,0.05,45,28,"American IPA",16
"Scarecrow",2219,0.069,65,28,"American IPA",16
"Ironman",2218,0.09,50,28,"English Strong Ale",16
"Honey Kolsch",2217,0.046,15,28,"Kölsch",16
"Copperhead Amber",2216,0.052,18,28,"Belgian Dark Ale",16
"Rude Parrot IPA",972,0.059,75,482,"American IPA",16
"British Pale Ale (2010)",866,0.054,30,482,"English Pale Ale",16
"British Pale Ale",48,0.054,30,482,"English Pale Ale",16
"Ballz Deep Double IPA",47,0.084,82,482,"American Double / Imperial IPA",16
"Colorado Native",1165,0.055,26,463,"American Amber / Red Lager",12
"Colorado Native (2011)",431,0.055,26,463,"American Amber / Red Lager",12
"Jockamo IPA",516,0.065,52,534,"American IPA",12
"Purple Haze",515,0.042,13,534,"Fruit / Vegetable Beer",12
"Abita Amber",514,0.045,17,534,"American Amber / Red Lager",12
"Citra Ass Down",2540,0.082,68,63,"American IPA",16
"The Brown Note",2539,0.05,20,63,"American Brown Ale",16
"Citra Ass Down",2686,0.08,68,2,"American Double / Imperial IPA",16
"London Balling",2685,0.125,80,2,"English Barleywine",16
"35 K",2684,0.077,25,2,"Milk / Sweet Stout",16
"A Beer",2683,0.042,42,2,"American Pale Ale (APA)",16
"Rules are Rules",2682,0.05,25,2,"German Pilsener",16
"Flesh Gourd'n",2681,0.066,21,2,"Pumpkin Ale",16
"Sho'nuff",2680,0.04,13,2,"Belgian Pale Ale",16
"Bloody Show",2679,0.055,17,2,"American Pilsner",16
"Rico Sauvin",2678,0.076,68,2,"American Double / Imperial IPA",16
"Coq de la Marche",2677,0.051,38,2,"Saison / Farmhouse Ale",16
"Pile of Face",2675,0.06,65,2,"American IPA",16
"The Brown Note",2674,0.05,20,2,"English Brown Ale",16
"Maylani's Coconut Stout",1594,0.053,35,368,"American Stout",16
"Oatmeal PSA",1162,0.05,35,368,"American Pale Ale (APA)",16
"Pre Flight Pilsner",1137,0.052,33,368,"American Pilsner",16
"P-Town Pilsner",2403,0.04,20,118,"American Pilsner",12
"Klickitat Pale Ale",2402,0.053,36,118,"American Pale Ale (APA)",12
"Yellow Wolf Imperial IPA",2401,0.082,103,118,"American Double / Imperial IPA",12
"Freeride APA",1921,0.053,40,271,"American Pale Ale (APA)",12
"Alaskan Amber",1920,0.053,18,271,"Altbier",12
"Desolation IPA",837,0.062,43,402,"American IPA",16
"Barney Flats Oatmeal Stout",1520,0.057,13,172,"Oatmeal Stout",12
"Summer Solstice",1350,0.056,4,172,"Cream Ale",12
"Hop Ottin' IPA",1327,0.07,80,172,"American IPA",12
"Boont Amber Ale",1326,0.058,15,172,"American Amber / Red Ale",12
"Barney Flats Oatmeal Stout",1221,0.057,13,172,"Oatmeal Stout",12
"El Steinber Dark Lager",1217,0.055,25,172,"Vienna Lager",16
"Boont Amber Ale (2010)",811,0.058,15,172,"American Amber / Red Ale",12
"Summer Solstice Cerveza Crema (2009)",753,0.056,4,172,"Cream Ale",12
"Barney Flats Oatmeal Stout (2012)",572,0.057,13,172,"Oatmeal Stout",12
"Winter Solstice",523,0.069,6,172,"Winter Warmer",12
"Hop Ottin' IPA (2011)",367,0.07,80,172,"American IPA",12
"Boont Amber Ale (2011)",78,0.058,15,172,"American Amber / Red Ale",12
"Summer Solstice (2011)",77,0.056,4,172,"Cream Ale",12
"Poleeko Gold Pale Ale (2009)",76,0.055,28,172,"American Pale Ale (APA)",12
"Long Leaf",2511,0.071,75,70,"American IPA",16
"Honey Badger Blonde",2510,0.047,19,70,"American Blonde Ale",16
"Porter (a/k/a Black Gold Porter)",2509,0.06,23,70,"American Porter",16
"Sky High Rye",413,0.06,55,542,"American Pale Ale (APA)",12
"Whitsun",390,0.062,17,542,"American Pale Wheat Ale",12
"Quakertown Stout",1333,0.092,50,427,"American Double / Imperial Stout",12
"Greenbelt Farmhouse Ale",1332,0.051,20,427,"Saison / Farmhouse Ale",12
"Mo's Gose",1172,0.052,10,462,"Gose",16
"Green Bullet Organic India Pale Ale",1322,0.07,45,430,"American IPA",16
"Rocket Girl",550,0.032,27,529,"Kölsch",12
"Ninja Porter",429,0.053,26,529,"American Porter",12
"Shiva IPA",428,0.06,69,529,"American IPA",12
"This Season's Blonde",597,0.056,27,524,"American Blonde Ale",12
"Independence Pass Ale",596,0.07,67,524,"American IPA",12
"Trolley Stop Stout",1580,0.057,40,375,"American Stout",12
"Bitter Bitch Imperial IPA",980,0.082,138,375,"American Double / Imperial IPA",12
"Poop Deck Porter",979,0.062,35,375,"American Porter",12
"Old Red Beard Amber Ale",978,0.06,35,375,"American Amber / Red Ale",12
"Hop A-Peel",2503,0.075,115,73,"American Double / Imperial IPA",16
"Vanilla Java Porter",2502,0.055,12,73,"American Porter",16
"Dirty Blonde Ale",534,0.045,8,73,"American Blonde Ale",12
"Grand Circus IPA",528,0.05,62,73,"American IPA",12
"Atwater's Lager",527,0.05,12,73,"Munich Helles Lager",12
"Avery Joe’s Premium American Pilsner",146,0.047,42,38,"German Pilsener",12
"White Rascal",108,0.056,10,38,"Witbier",12
"Avery India Pale Ale",107,0.063,69,38,"American IPA",12
"Ellie’s Brown Ale",106,0.055,17,38,"American Brown Ale",12
"Pumpkin Beast",1620,0.062,17,361,"Pumpkin Ale",12
"OktoberBeast",1579,0.072,22,361,"Märzen / Oktoberfest",12
"Mad Beach",1228,0.048,23,361,"American Pale Wheat Ale",12
"Devils Tramping Ground Tripel",704,0.092,5,361,"Tripel",12
"Hot Rod Red",702,0.061,41,361,"American Amber / Red Ale",12
"Naked Pig Pale Ale",1875,0.06,43,287,"American Pale Ale (APA)",12
"Topcutter India Pale Ale",966,0.068,70,484,"American IPA",12
"Field 41 Pale Ale",965,0.044,38,484,"American Pale Ale (APA)",12
"Even Keel",2105,0.038,40,35,"American IPA",12
"Ballast Point Pale Ale",1401,0.052,23,35,"Kölsch",12
"Big Eye India Pale Ale",1400,0.07,75,35,"American IPA",12
"Sculpin IPA",1018,0.07,70,35,"American IPA",12
"Banner American Rye",1644,0.045,20,319,"Rye Beer",12
"Banner American Ale",1643,0.035,45,319,"American Amber / Red Ale",12
"Thai.p.a",2618,0.07,46,21,"American IPA",16
"Barrio Blanco",2005,0.06,60,252,"American IPA",12
"Hop in the ‘Pool Helles",2404,0.049,22,117,"American Pilsner",12
"Ultra Gnar Gnar IPA",2323,0.067,60,117,"American IPA",12
"In-Tents India Pale Lager",2189,0.068,62,117,"American Pale Lager",12
"Lost Meridian Wit",2188,0.05,20,117,"Witbier",12
"Celestial Meridian Cascadian Dark Lager",2187,0.051,45,117,"Euro Dark Lager",12
"Wagon Party",1966,0.054,55,259,"California Common / Steam Beer",12
"Sky-Five",1965,0.067,70,259,"American IPA",12
"Stargrazer",1964,0.05,28,259,"Schwarzbier",12
"Wonderstuff",1963,0.054,48,259,"German Pilsener",12
"On the Count of 3 (2015)",1778,0.07,42,293,"Hefeweizen",16
"Amber Road",533,0.055,35,293,"American Amber / Red Ale",12
"Pamola Xtra Pale Ale",183,0.049,28,293,"American Pale Ale (APA)",12
"Stowaway IPA",182,0.069,69,293,"American IPA",12
"Hoptopus Double IPA",1806,0.088,108,307,"American Double / Imperial IPA",16
"Watermelon Ale",2435,0.05,10,104,"Fruit / Vegetable Beer",12
"Fenway American Pale Ale",2423,0.058,45,104,"American Pale Ale (APA)",12
"Back Bay IPA",2420,0.068,85,104,"American IPA",12
"Bunker Hill Blueberry Ale",2419,0.048,16,104,"Other",12
"Moar",2558,0.044,44,54,"English India Pale Ale (IPA)",12
"Nordic Blonde",2556,0.057,27,54,"American Blonde Ale",12
"Harness the Winter",2410,0.072,87,76,"American IPA",12
"14° ESB",1902,0.056,32,76,"Extra Special / Strong Bitter (ESB)",12
"Bent Hop Golden IPA",1901,0.062,68,76,"American IPA",12
"Bent Paddle Black Ale",1261,0.06,34,76,"American Black Ale",12
"Venture Pils",1253,0.05,38,76,"German Pilsener",12
"Lost Sailor IPA",1900,0.055,40,279,"English India Pale Ale (IPA)",12
"Steel Rail Extra Pale Ale",1317,0.053,20,279,"American Pale Ale (APA)",12
"Aprè Shred",2104,0.081,17,221,"American Strong Ale",16
"Hemlock Double IPA",1762,0.095,104,221,"American Double / Imperial IPA",12
"Disconnected Red",1067,0.067,85,221,"American Amber / Red Ale",16
"Dark Star",2639,0.08,54,9,"American Stout",16
"Galaxy IPA",2585,0.075,60,41,"American IPA",16
"Big River Pilsner",643,0.05,32,520,"Czech Pilsener",12
"House Brand IPA",632,0.06,55,520,"American IPA",12
"Big Sky IPA",1714,0.062,65,337,"American IPA",12
"Scape Goat Pale Ale",1713,0.05,40,337,"English Pale Ale",12
"Montana Trout Slayer Ale",1712,0.05,35,337,"American Pale Wheat Ale",12
"Moose Drool Brown Ale",1711,0.051,26,337,"American Brown Ale",12
"Powder Hound Winter Ale",1456,0.072,60,337,"English Strong Ale",12
"Moose Drool Brown Ale (2011)",767,0.051,26,337,"American Brown Ale",12
"Montana Trout Slayer Ale (2012)",766,0.05,35,337,"American Pale Wheat Ale",12
"Big Sky IPA (2012)",579,0.062,65,337,"American IPA",12
"Scape Goat Pale Ale (2010)",159,0.05,40,337,"English Pale Ale",12
"Montana Trout Slayer Ale (2009)",35,0.05,35,337,"American Pale Wheat Ale",12
"Moose Drool Brown Ale (2009)",34,0.051,26,337,"American Brown Ale",12
"Arcus IPA",2096,0.069,81,222,"American IPA",12
"Wavemaker",2095,0.058,38,222,"American Amber / Red Ale",12
"Jack Pine Savage",1257,0.053,43,445,"American Pale Ale (APA)",16
"Forest Fire Imperial Smoked Rye",1256,0.099,85,445,"Rye Beer",16
"Bad Axe Imperial IPA",1255,0.098,76,445,"American Double / Imperial IPA",16
"Morning Wood",986,0.055,35,445,"Oatmeal Stout",16
"Bark Bite IPA",985,0.066,50,445,"American IPA",16
"Jalapeno Pale Ale",2508,0.055,45,71,"American Pale Ale (APA)",16
"Saucy Intruder",2620,0.072,75,19,"Rye Beer",16
"Deception",2412,0.045,16,113,"American Blonde Ale",12
"Blackmarket Rye IPA",1898,0.075,35,113,"American IPA",12
"Black Market Hefeweizen",1897,0.05,8,113,"Hefeweizen",12
"Aftermath Pale Ale",1896,0.058,44,113,"American Pale Ale (APA)",12
"American India Red Ale",1850,0.071,83,295,"American Strong Ale",12
"American Red Porter",1849,0.071,45,295,"American Porter",12
"American Red Saison",1848,0.078,34,295,"Saison / Farmhouse Ale",12
"Colorado Red Ale",1847,0.066,44,295,"American Amber / Red Ale",12
"Saddle Bronc Brown Ale",2485,0.048,16,80,"American Brown Ale",12
"Bomber Mountain Amber Ale",2484,0.046,20,80,"American Amber / Red Ale",12
"Nordskye",2634,0.048,47,13,"American IPA",12
"North Third Stout",2153,0.06,30,13,"Foreign / Export Stout",12
"51K IPA",1481,0.07,51,13,"American IPA",12
"1327 Pod's ESB",888,0.056,37,381,"Extra Special / Strong Bitter (ESB)",12
"1327 Pod's ESB",886,0.056,37,381,"Extra Special / Strong Bitter (ESB)",12
"1327 Pod's ESB",612,0.056,37,381,"Extra Special / Strong Bitter (ESB)",12
"834 Happy As Ale",611,0.046,35,381,"American Pale Ale (APA)",12
"Quarter Mile Double IPA",1812,0.08,80,305,"American Double / Imperial IPA",12
"Full Nelson Pale Ale",1547,0.059,60,383,"American Pale Ale (APA)",12
"Steel Wheels ESB",1546,0.065,30,383,"Extra Special / Strong Bitter (ESB)",12
"Blue Mountain Classic Lager",1545,0.053,22,383,"Euro Pale Lager",12
"Full Nelson Pale Ale (2010)",119,0.059,60,383,"American Pale Ale (APA)",12
"Kölsch 151",1408,0.049,16,415,"Kölsch",12
"Blue Point White IPA",692,0.06,40,490,"American White IPA",12
"Blue Point Summer Ale",667,0.044,16,490,"American Blonde Ale",12
"Toasted Lager",665,0.055,28,490,"Vienna Lager",12
"Longhop IPA",1891,0.042,30,282,"American IPA",16
"Lucky Buck",1890,0.04,34,282,"Irish Dry Stout",16
"Bomb Lager (Old Recipe)",513,0.045,27,526,"Munich Helles Lager",12
"Firestarter India Pale Ale",2422,0.066,72,108,"American IPA",12
"Kilt Dropper Scotch Ale",1727,0.075,22,108,"Scotch Ale / Wee Heavy",16
"Wood Splitter Pilsner",1614,0.048,30,108,"Czech Pilsener",16
"Gyptoberfest",1613,0.056,26,108,"Märzen / Oktoberfest",12
"Farmer Wirtz India Pale Ale",1549,0.07,94,108,"English India Pale Ale (IPA)",16
"Screaming Eagle Special Ale ESB",1360,0.048,38,108,"Extra Special / Strong Bitter (ESB)",12
"Kindler Pale Ale",1183,0.053,45,108,"American Pale Ale (APA)",12
"Firestarter India Pale Ale",633,0.066,72,108,"American IPA",16
"Noche Dulce",2062,0.071,16,232,"American Porter",16
"Porch Rocker",1830,0.045,8,301,"Radler",12
"Rebel IPA",1629,0.065,45,301,"American IPA",16
"Boston Lager",1349,0.049,30,301,"Vienna Lager",16
"Boston Lager",1310,0.049,30,301,"Vienna Lager",12
"Samuel Adams Octoberfest",1281,0.053,15,301,"Märzen / Oktoberfest",12
"Samuel Adams Summer Ale",1144,0.053,7,301,"American Pale Wheat Ale",12
"Boston Lager",1143,0.049,30,301,"Vienna Lager",12
"Hazed & Infused",1395,0.049,35,418,"American Pale Ale (APA)",12
"Hoopla Pale Ale",808,0.057,35,418,"American Pale Ale (APA)",12
"Hazed & Infused (2010)",81,0.049,35,418,"American Pale Ale (APA)",12
"Heavy Lifting",2596,0.062,80,32,"American IPA",12
"Plum St. Porter",2107,0.06,52,220,"American Porter",12
"Plum St. Porter",1573,0.057,52,220,"American Porter",12
"Bozone HopZone IPA",1289,0.07,80,220,"American IPA",12
"Bozone Hefe Weizen",1288,0.06,25,220,"Hefeweizen",12
"Evil Owl",2167,0.052,40,208,"American Amber / Red Ale",12
"Agave Wheat",1522,0.042,9,392,"American Pale Wheat Ale",12
"SummerBright Ale",397,0.045,15,392,"American Pale Wheat Ale",12
"Lucky U IPA",193,0.062,68,392,"American IPA",12
"Avalanche Ale",83,0.054,19,392,"American Amber / Red Ale",12
"Last Stop IPA",1801,0.072,60,309,"American IPA",12
"Rollin Dirty Red Ale",1800,0.05,21,309,"Irish Red Ale",12
"Are Wheat There Yet?",1799,0.055,28,309,"American Pale Wheat Ale",12
"Northern Lights Amber Ale",921,0.05,15,494,"American Amber / Red Ale",12
"Polar Pale Ale",920,0.052,17,494,"American Pale Ale (APA)",12
"Fairweather IPA",648,0.061,64,494,"American IPA",12
"East India Pale Ale",1279,0.068,47,438,"English India Pale Ale (IPA)",16
"East India Pale Ale",566,0.068,47,438,"English India Pale Ale (IPA)",12
"Black Adder IBA (Current)",383,0.073,85,531,"American Black Ale",16
"Tule Duck Red Ale (Current)",28,0.062,42,531,"American Amber / Red Ale",16
"Original Orange Blossom Ale (Current)",27,0.058,35,531,"Herbed / Spiced Beer",16
"Black Noddy Lager (Current)",26,0.052,40,531,"Schwarzbier",16
"1836",2125,0.06,40,215,"American Blonde Ale",12
"Summer's Wit",2124,0.06,20,215,"Witbier",12
"More Cowbell",2123,0.09,118,215,"American Double / Imperial IPA",16
"Pale Alement",2478,0.055,40,25,"American Pale Ale (APA)",12
"Hopkick Dropkick",2471,0.099,115,25,"American Double / Imperial IPA",12
"Joey Wheat",2160,0.068,16,25,"American Pale Wheat Ale",16
"3:33 Black IPA",2158,0.072,86,25,"American IPA",16
"Pale Alement",2054,0.055,40,25,"American Pale Ale (APA)",16
"Couch Select Lager",2196,0.05,14,198,"American Pale Lager",12
"Mucho Aloha Hawaiian Pale Ale",668,0.056,36,518,"American Pale Ale (APA)",12
"Horny Toad Cerveza",2214,0.053,25,183,"American Blonde Ale",16
"Native Amber",2213,0.063,35,183,"American Amber / Red Ale",16
"F5 IPA",1442,0.068,100,183,"American IPA",16
"Native Amber (2013)",170,0.063,35,183,"American Amber / Red Ale",16
"Horny Toad Cerveza (2013)",169,0.053,25,183,"American Blonde Ale",16
"Hopportunity Knocks IPA",2315,0.068,100,156,"American IPA",12
"Caldera Pale Ale",1419,0.056,55,156,"American Pale Ale (APA)",12
"Lawnmower Lager",878,0.039,16,156,"American Adjunct Lager",12
"Ashland Amber Ale (2009)",794,0.054,24,156,"American Amber / Red Ale",12
"Caldera IPA (2009)",793,0.061,94,156,"American IPA",12
"Caldera IPA (2007)",792,0.061,94,156,"American IPA",12
"Caldera Pale Ale (2010)",791,0.056,55,156,"American Pale Ale (APA)",12
"Caldera Pale Ale (2009)",790,0.056,55,156,"American Pale Ale (APA)",12
"Caldera Pale Ale (2005)",789,0.056,55,156,"American Pale Ale (APA)",12
"Caldera Pale Ale (2007)",788,0.056,55,156,"American Pale Ale (APA)",12
"Caldera Pale Ale (2011)",38,0.056,55,156,"American Pale Ale (APA)",12
"Ashland Amber Ale",37,0.054,24,156,"American Amber / Red Ale",12
"Caldera IPA",36,0.061,94,156,"American IPA",12
"Imperial Pumpkin Stout",2068,0.099,43,231,"Pumpkin Ale",16
"Dead-Eye DIPA",2067,0.09,130,231,"American Double / Imperial IPA",16
"Fisherman's IPA",2066,0.055,64,231,"American IPA",12
"Fisherman's Pils",2065,0.054,35,231,"German Pilsener",12
"Fisherman's Brew",2064,0.055,30,231,"American Amber / Red Ale",12
"Cape Cod Red",1928,0.055,35,268,"American Amber / Red Ale",16
"Beach Blonde",1927,0.049,10,268,"American Blonde Ale",16
"Dark Voyage Black IPA (2013)",2227,0.065,80,193,"American Black Ale",12
"Wisconsin Amber",2226,0.052,28,193,"Vienna Lager",12
"Lake House",2225,0.046,18,193,"Munich Helles Lager",12
"Ghost Ship White IPA",1954,0.056,55,193,"American IPA",12
"Lake House",1910,0.046,18,193,"Munich Helles Lager",16
"Mutiny IPA",1177,0.062,70,193,"American IPA",12
"Santa's Secret",2255,0.059,22,180,"Winter Warmer",16
"Epitome",2094,0.099,100,223,"American Black Ale",16
"Monkey Chased the Weasel",1941,0.039,9,223,"Berliner Weissbier",16
"077XX",1940,0.078,80,223,"American Double / Imperial IPA",16
"Boat Beer",1439,0.042,35,223,"American IPA",12
"Whitecap Wit",1882,0.048,16,286,"Witbier",16
"Seiche Scottish Ale",1881,0.078,16,286,"Scottish Ale",16
"Gone A-Rye",2600,0.085,90,30,"American Double / Imperial IPA",16
"Dankosaurus",2052,0.068,70,30,"American IPA",16
"Scruffy's Smoked Alt",1584,0.051,35,30,"Smoked Beer",16
"Elliott's Phoned Home Pale Ale",1182,0.051,36,30,"American Pale Ale (APA)",16
"The Lawn Ranger",1050,0.05,18,30,"Cream Ale",16
"Main St. Virginia Ale",2377,0.05,40,123,"Altbier",12
"Chin Music Amber Lager",1839,0.045,24,123,"American Amber / Red Lager",12
"Main St. Virginia Ale",1248,0.05,40,123,"Altbier",12
"Ray Ray’s Pale Ale",1247,0.052,42,123,"American Pale Ale (APA)",12
"Chai Ale",1649,0.051,15,351,"Herbed / Spiced Beer",16
"Lucky Day IPA",1648,0.072,85,351,"American IPA",16
"Terrace Hill Double IPA",1647,0.095,99,351,"American Double / Imperial IPA",16
"Catch 23",1646,0.075,77,351,"American Black Ale",16
"Black Me Stout",2056,0.06,45,237,"American Stout",12
"Killer Kolsch",2055,0.05,22,237,"Kölsch",12
"Missile IPA",1933,0.07,65,237,"American IPA",12
"Ale Cider",2018,0.065,8,251,"Fruit / Vegetable Beer",16
"Pail Ale",2017,0.055,30,251,"American Pale Ale (APA)",16
"8 Barrel",2080,0.08,69,227,"American Strong Ale",16
"Oktoberfest",2079,0.055,40,227,"Märzen / Oktoberfest",16
"IPA #11",2380,0.057,58,122,"American IPA",16
"Blood Orange Honey",2379,0.057,10,122,"Fruit / Vegetable Beer",16
"Bay of Bengal Double IPA (2014)",2440,0.089,126,100,"American Double / Imperial IPA",12
"Churchkey Pilsner Style Beer",567,0.049,29,527,"American Pilsner",12
"Cubano Espresso",2349,0.055,25,142,"Bock",12
"Operation Homefront",2014,0.062,65,142,"American IPA",12
"Wandering Pelican",2013,0.082,65,142,"American Black Ale",12
"Hopped on the High Seas (Hop #529)",1726,0.07,60,142,"American IPA",12
"Hopped on the High Seas (Calypso)",1725,0.07,60,142,"American IPA",12
"Dry-Hopped On The High Seas Caribbean-Style IPA",1694,0.07,60,142,"American IPA",12
"Hopped on the High Seas (Citra)",1693,0.07,60,142,"American IPA",12
"Hopped on the High Seas (Ahtanum)",1692,0.07,60,142,"American IPA",12
"Humidor Series India Pale Ale",1142,0.075,70,142,"American IPA",12
"Jai Alai IPA Aged on White Oak",1141,0.075,70,142,"American IPA",12
"José Martí American Porter",1140,0.08,65,142,"American Porter",12
"Maduro Brown Ale",1138,0.055,25,142,"English Brown Ale",12
"Maduro Brown Ale",571,0.055,25,142,"American Brown Ale",12
"Tocobaga Red Ale",569,0.072,75,142,"American Amber / Red Ale",12
"Jai Alai IPA",546,0.075,70,142,"American IPA",12
"Florida Cracker Belgian Wit",545,0.05,18,142,"Witbier",12
"Jacaranada Rye IPA",1772,0.067,60,321,"American IPA",16
"Cascadian Dark Ale",1393,0.06,75,419,"American Black Ale",12
"Wheat the People",893,0.044,13,419,"American Pale Wheat Ale",16
"Tybee Island Blonde",1407,0.047,17,416,"American Blonde Ale",12
"Savannah Brown Ale",1406,0.062,55,416,"American Brown Ale",12
"Rhode Island Blueberry",2438,0.046,11,102,"Kölsch",12
"Newport Storm IPA",2437,0.065,75,102,"American IPA",12
"Hurricane Amber Ale (2004)",751,0.052,24,102,"American Amber / Red Ale",12
"Hurricane Amber Ale",120,0.052,24,102,"American Amber / Red Ale",12
"Des Moines IPA",970,0.068,75,483,"American IPA",16
"Capital Gold Golden Lager",969,0.048,22,483,"German Pilsener",16
"Farmer John's Multi-Grain Ale",968,0.056,21,483,"American Blonde Ale",16
"Crabtree Oatmeal Stout",659,0.075,29,516,"Oatmeal Stout",16
"Eclipse Black IPA",556,0.077,71,516,"American Black Ale",16
"Neomexicanus Native",2538,0.06,46,64,"American Pale Ale (APA)",12
"Old Soul",2355,0.075,25,64,"Belgian Strong Pale Ale",12
"Lava Lake Wit",685,0.052,15,64,"Witbier",12
"Crazy Mountain Amber Ale",356,0.052,25,64,"American Amber / Red Ale",12
"Tropicalia",2029,0.065,65,248,"American IPA",12
"Aviator Raspberry Blonde",2293,0.049,25,170,"American Blonde Ale",12
"South Ridge Amber Ale",1057,0.06,31,473,"American Amber / Red Ale",16
"Summertime Ale",681,0.052,23,473,"Kölsch",16
"The Tradition",1809,0.05,15,228,"American Blonde Ale",12
"El Hefe Speaks",1263,0.053,11,228,"Hefeweizen",12
"On the Wings of Armageddon",851,0.092,115,228,"American Double / Imperial IPA",12
"The Corruption",186,0.065,80,228,"American IPA",12
"Dead Armadillo Amber Ale",1746,0.063,37,331,"American Amber / Red Ale",12
"Oak Cliff Coffee Ale",2251,0.075,33,128,"American Brown Ale",12
"Dream Crusher Double IPA",2166,0.085,100,128,"American Double / Imperial IPA",12
"Farmhouse Wit",1202,0.048,25,128,"Saison / Farmhouse Ale",16
"Dallas Blonde",946,0.052,23,128,"American Blonde Ale",12
"Deep Ellum IPA",943,0.07,70,128,"American IPA",12
"Thrasher Session India Pale Ale",1886,0.045,44,284,"American IPA",12
"Gutch English Style Mild Ale",1885,0.05,16,284,"English Pale Mild Ale",12
"Chuli Stout",1213,0.059,55,454,"Irish Dry Stout",12
"Mother Ale",1159,0.056,46,454,"American Blonde Ale",12
"Twister Creek India Pale Ale",947,0.065,71,454,"American IPA",12
"Single Engine Red",929,0.058,46,454,"Irish Red Ale",12
"Mirror Pond Pale Ale",1210,0.05,40,455,"American Pale Ale (APA)",12
"Weissenheimer",2550,0.052,16,58,"Hefeweizen",12
"Abbey's Single (2015- )",2505,0.049,22,58,"Abbey Single Ale",12
"Vertex IPA",2025,0.063,76,58,"American IPA",12
"Here Gose Nothin'",2021,0.05,12,58,"Gose",12
"Hoperation Overload",1888,0.096,85,58,"American Double / Imperial IPA",12
"Abbey's Single Ale (Current)",1887,0.049,22,58,"Abbey Single Ale",12
"Bravo Four Point",2051,0.044,45,238,"American Pale Ale (APA)",12
"Striped Bass Pale Ale",1201,0.052,26,238,"American Pale Ale (APA)",12
"Deadicated Amber",924,0.054,27,492,"American Amber / Red Ale",16
"California Sunshine Rye IPA",730,0.071,85,492,"American IPA",16
"Full Boar Scotch Ale",647,0.074,12,492,"Scotch Ale / Wee Heavy",16
"Filthy Hoppin' IPA",1795,0.065,72,312,"American IPA",16
"Hop Abomination",881,0.066,100,497,"American IPA",12
"Apricot Blonde",880,0.051,17,497,"Fruit / Vegetable Beer",12
"Dry Dock Hefeweizen",872,0.043,12,497,"Hefeweizen",12
"Dry Dock Amber Ale",871,0.058,49,497,"American Amber / Red Ale",12
"Category 3 IPA",1685,0.061,64,341,"American IPA",12
"Dundee Summer Wheat Beer",457,0.045,18,539,"American Pale Wheat Ale",12
"Crank Yanker IPA",1382,0.078,74,370,"American IPA",16
"Crank Yanker IPA (2011)",395,0.078,74,370,"American IPA",16
"Dottie Seattle Lager",673,0.049,25,517,"American Amber / Red Lager",16
"Little Sister India Style Session Ale",2292,0.043,60,171,"American IPA",12
"Country Boy IPA",1504,0.062,80,171,"American IPA",12
"Blonde Czich",2604,0.049,23,27,"American Blonde Ale",16
"White Reaper",2432,0.07,61,27,"Belgian IPA",16
"General George Patton Pilsner",1967,0.054,48,27,"Czech Pilsener",16
"Iron Horse Pale Ale",1722,0.05,32,336,"American Pale Ale (APA)",12
"Stone's Throw IPA",1435,0.045,19,336,"Scottish Ale",12
"Wood Chipper India Pale Ale",1434,0.067,70,336,"American IPA",12
"Trail Head",2089,0.063,55,225,"American Pale Ale (APA)",12
"Hop Stalker Fresh Hop IPA",2088,0.07,80,225,"American IPA",16
"Sudice American Stout",1455,0.07,58,406,"American Stout",16
"Parcae Belgian Style Pale Ale",1454,0.05,20,406,"Belgian Pale Ale",16
"Norns Roggenbier",1453,0.05,20,406,"Roggenbier",16
"Laimas Kölsch Style Ale",1452,0.05,20,406,"Kölsch",16
"Moirai India Pale Ale",1451,0.07,70,406,"American IPA",16
"Loki Red Ale",2191,0.075,53,202,"American Amber / Red Ale",16
"Loki Red Ale (2013)",895,0.075,53,202,"American Amber / Red Ale",16
"Second Fiddle",1929,0.082,80,173,"American Double / Imperial IPA",16
"Hodad Porter",1858,0.055,30,173,"American Porter",16
"Czech Yo Self",2590,0.055,45,37,"Czech Pilsener",12
"FMB 101",1968,0.048,20,37,"Kölsch",12
"Sobek & Set",1664,0.08,80,257,"American Black Ale",16
"Wet Hot American Wheat Ale",1662,0.05,22,257,"American Pale Wheat Ale",16
"Fascist Pig Ale",935,0.08,72,257,"American Amber / Red Ale",16
"Easy Jack",2569,0.045,47,49,"American IPA",12
"Union Jack",2463,0.075,75,49,"American IPA",12
"805",1733,0.047,20,49,"American Blonde Ale",12
"Hinchtown Hammer Down",2284,0.05,27,17,"American Blonde Ale",16
"Half Cycle IPA",1610,0.06,104,17,"American IPA",16
"Snake Dog IPA",608,0.071,60,522,"American IPA",12
"Underdog Atlantic Lager",607,0.047,28,522,"American Pale Lager",12
"Flying Mouse 4",2566,0.07,70,51,"American IPA",12
"What the Butler Saw",2111,0.05,18,218,"Witbier",12
"1916 Shore Shiver",2110,0.069,65,218,"American IPA",12
"Vortex IPA",318,0.074,97,207,"American IPA",16
"Park",2661,0.047,19,5,"American Pale Wheat Ale",12
"Westfalia",2660,0.056,16,5,"American Amber / Red Ale",12
"KSA",2659,0.046,17,5,"Kölsch",12
"Villager",2658,0.063,42,5,"American IPA",12
"Dirty Bastard",2625,0.085,50,16,"Scotch Ale / Wee Heavy",12
"Centennial IPA",1565,0.072,65,16,"American IPA",12
"All Day IPA",1223,0.047,42,16,"American IPA",12
"El Chingon IPA",1874,0.076,73,288,"American IPA",12
"Block Party Robust Porter",1873,0.057,40,288,"American Porter",12
"Local Buzz",1872,0.052,20,288,"American Blonde Ale",12
"The Gadget",2610,0.064,90,23,"American IPA",16
"Sunbru Kölsch",2309,0.052,17,161,"Kölsch",12
"Kilt Lifter Scottish-Style Ale",1635,0.06,21,161,"",12
"Four Peaks Peach Ale",1585,0.042,9,161,"Fruit / Vegetable Beer",12
"Hop Knot IPA",358,0.067,47,161,"American IPA",12
"Kilt Lifter Scottish-Style Ale (2009)",179,0.06,21,161,"Scottish Ale",12
"Suncaster Summer Wheat",2427,0.05,28,106,"American Pale Wheat Ale",12
"Brass Knuckle Pale Ale",2425,0.057,36,106,"American Pale Ale (APA)",12
"Big Star White IPA",2424,0.07,70,106,"American White IPA",12
"Batch 69 IPA",1556,0.069,69,254,"American IPA",12
"Twisted Helles Summer Lager",1208,0.055,18,254,"Munich Helles Lager",12
"OktoberFiesta",2527,0.053,27,67,"",12
"Texicali",2526,0.065,33,67,"American Brown Ale",12
"Bat Outta Helles",2524,0.042,20,67,"Munich Helles Lager",12
"Rye Wit",2522,0.042,10,67,"Witbier",12
"Soul Doubt",2521,0.059,70,67,"American IPA",12
"Yo Soy Un Berliner",2520,0.044,5,67,"Berliner Weissbier",12
"Harvest Ale",901,0.065,35,461,"Saison / Farmhouse Ale",12
"Fremont Summer Ale",875,0.065,45,461,"American Pale Ale (APA)",12
"Universale Pale Ale",858,0.056,30,461,"American Pale Ale (APA)",12
"Interurban IPA",857,0.065,80,461,"American IPA",12
"Gateway Kolsch Style Ale",1300,0.053,32,434,"Kölsch",12
"Wee-Heavy-Er Scotch Ale",1260,0.07,24,434,"Scotch Ale / Wee Heavy",12
"13 Rebels ESB",1259,0.052,42,434,"Extra Special / Strong Bitter (ESB)",12
"Salamander Slam",2254,0.07,73,181,"American IPA",16
"No Wake IPA",2077,0.072,50,229,"American IPA",12
"Boathouse Blonde",2076,0.049,15,229,"American Blonde Ale",12
"Cedar Point",2075,0.05,26,229,"American Amber / Red Ale",12
"Clean Shave IPA",2426,0.067,70,107,"American IPA",12
"Might As Well IPL",2045,0.072,75,241,"American Pale Lager",16
"Saison Pamplemousse",1960,0.058,35,241,"Saison / Farmhouse Ale",12
"2020 IPA",1777,0.074,74,241,"American IPA",16
"Wolf Among Weeds IPA",1698,0.08,70,241,"American IPA",16
"Better Weather IPA",1641,0.094,92,241,"American IPA",16
"Point the Way IPA",1490,0.059,60,241,"American IPA",16
"Golden Road Hefeweizen",1489,0.046,15,241,"Hefeweizen",16
"Heal the Bay IPA",1399,0.068,65,241,"American IPA",16
"Point the Way IPA",1296,0.059,60,241,"American IPA",12
"Get Up Offa That Brown",991,0.055,20,241,"American Brown Ale",16
"Burning Bush Smoked IPA",750,0.08,70,241,"American IPA",16
"Wolf Among Weeds IPA (2012)",749,0.08,70,241,"American IPA",16
"Point the Way IPA (2012)",549,0.059,60,241,"American IPA",16
"Golden Road Hefeweizen (2012)",548,0.046,15,241,"Hefeweizen",16
"Vanilla Porter",2587,0.07,11,40,"American Porter",16
"Descender IPA",1109,0.07,70,465,"American IPA",12
"Sweet As Pacific Ale",1108,0.06,18,465,"American Pale Wheat Ale",12
"Good People Pale Ale",1000,0.056,36,479,"American Pale Ale (APA)",12
"Snake Handler Double IPA",312,0.093,103,479,"American Double / Imperial IPA",12
"Coffee Oatmeal Stout",311,0.06,54,479,"Oatmeal Stout",12
"Good People IPA",309,0.06,64,479,"American IPA",12
"Good People American Brown Ale",308,0.058,36,479,"American Brown Ale",12
"Mountain Rescue Pale Ale",2205,0.055,40,195,"American Pale Ale (APA)",12
"Goose Island India Pale Ale",2198,0.059,55,197,"American IPA",12
"312 Urban Pale Ale",2457,0.054,30,89,"American Pale Ale (APA)",16
"312 Urban Pale Ale",2202,0.054,30,89,"American Pale Ale (APA)",12
"312 Urban Wheat Ale",2201,0.042,18,89,"American Pale Wheat Ale",16
"312 Urban Wheat Ale",1829,0.042,18,89,"American Pale Wheat Ale",12
"312 Urban Wheat Ale (2012)",581,0.042,20,89,"American Pale Wheat Ale",12
"Beaver Logger",1383,0.052,19,421,"American Pale Lager",12
"Monarch Classic American Wheat",2129,0.043,21,214,"American Pale Wheat Ale",12
"Sir William's English Brown Ale",2127,0.049,21,214,"English Brown Ale",12
"Lakefire Rye Pale Ale",2126,0.055,35,214,"American Pale Ale (APA)",12
"Beer Agent Re-Ignition",2303,0.053,22,166,"American Blonde Ale",16
"Cherry Ale",1990,0.057,18,166,"Fruit / Vegetable Beer",16
"Bourbon Barrel Aged Coconut Porter",1702,0.056,33,166,"American Porter",16
"Great Crescent IPA",1701,0.062,60,166,"American IPA",16
"Aurora Lager",1700,0.057,27,166,"Dortmunder / Export Lager",16
"Great Crescent Blonde Ale",1699,0.053,22,166,"American Blonde Ale",16
"Great Crescent Coconut Porter",1269,0.056,33,166,"American Porter",16
"Great Crescent Oktoberfest Lager",930,0.057,25,166,"Märzen / Oktoberfest",16
"Great Crescent Brown Ale",649,0.045,36,166,"American Brown Ale",16
"Cherry Ale (1)",639,0.057,18,166,"Fruit / Vegetable Beer",16
"Aurora Lager (2011)",626,0.057,27,166,"Dortmunder / Export Lager",16
"Frosted Fields Winter Wheat",615,0.06,25,166,"American Dark Wheat Ale",16
"Great Crescent Belgian Style Wit",478,0.051,13,166,"Witbier",16
"Bourbon's Barrel Stout",455,0.075,65,166,"American Stout",16
"Great Crescent Stout",442,0.08,66,166,"English Stout",16
"Great Crescent Coconut Porter (2012)",441,0.056,33,166,"American Porter",16
"Great Crescent Dark Lager",440,0.057,23,166,"Euro Dark Lager",16
"Great Crescent Mild Ale",439,0.042,26,166,"English Dark Mild Ale",16
"Great Crescent IPA (2011)",436,0.062,60,166,"American IPA",16
"Great Crescent Blonde Ale (2011)",389,0.053,22,166,"American Blonde Ale",16
"Yeti  Imperial Stout",2644,0.095,75,7,"Russian Imperial Stout",12
"Black Star Double Hopped Golden Lager (24 oz.)",404,0.045,15,544,"American Pale Lager",24
"Black Star Double Hopped Golden Lager (12 oz.)",164,0.045,15,544,"American Pale Lager",12
"Commotion APA",1923,0.052,49,270,"American Pale Ale (APA)",12
"Chickawawa Lemonale",1604,0.05,5,366,"Fruit / Vegetable Beer",12
"Barrel Aged Farmer",1574,0.07,22,366,"American Brown Ale",16
"Dos Pistolas",1244,0.048,20,366,"Vienna Lager",12
"Owney Irish Style Red Ale",1064,0.05,30,366,"Irish Red Ale",16
"Widespread Wit",865,0.055,10,366,"Witbier",16
"Roller Dam Red Ale",864,0.054,30,366,"Irish Red Ale",16
"483 Pale Ale",863,0.053,48,366,"American Pale Ale (APA)",16
"Hop A Potamus Double Dark Rye Pale Ale",672,0.09,99,366,"Rye Beer",16
"Farmer Brown Ale",655,0.07,22,366,"American Brown Ale",16
"Big Cock IPA",540,0.07,70,366,"American IPA",16
"Oktoberfest",539,0.059,25,366,"Märzen / Oktoberfest",16
"40th Annual Bix Street Fest Copper Ale (Current)",517,0.048,25,366,"American Amber / Red Ale",16
"Redband Stout",371,0.06,36,366,"American Stout",16
"483 Pale Ale (2010)",190,0.053,48,366,"American Pale Ale (APA)",16
"Roller Dam Red Ale (2010)",189,0.054,30,366,"Irish Red Ale",16
"Pablo Beach Pale Ale",1106,0.05,30,467,"American Pale Ale (APA)",12
"Wild Trail Pale Ale",2314,0.057,44,157,"American Pale Ale (APA)",12
"Mothman Black IPA",2313,0.067,71,157,"American Black Ale",12
"Captain's Daughter",2044,0.085,69,87,"American Double / Imperial IPA",12
"Flying Jenny Extra Pale Ale",1505,0.06,54,380,"American Pale Ale (APA)",12
"Hazy Day Belgian-Style Wit",1186,0.04,20,380,"Witbier",16
"Leaning Chimney Smoked Porter",984,0.06,34,380,"American Porter",16
"Flying Jenny Extra Pale Ale (2012)",693,0.06,54,380,"American Pale Ale (APA)",12
"Flagship Ale",631,0.049,22,380,"Cream Ale",12
"Mr. Blue Sky",2375,0.045,6,125,"American Pale Wheat Ale",16
"Screamin’ Pumpkin",2142,0.05,25,125,"Pumpkin Ale",16
"Grand Trunk Bohemian Pils",2141,0.05,35,125,"Czech Pilsener",16
"El Rojo",2140,0.065,25,125,"American Amber / Red Ale",16
"Grind Line",2138,0.05,35,125,"American Pale Ale (APA)",16
"Norm's Gateway IPA",2007,0.04,55,125,"American IPA",12
"Little Red Cap",2339,0.063,43,145,"Altbier",12
"Supergoose IPA",1857,0.069,67,291,"American IPA",12
"Pursuit",2026,0.07,40,249,"American IPA",12
"Half Full Bright Ale",1361,0.052,18,249,"American Blonde Ale",12
"Orange Wheat",1016,0.046,17,477,"Fruit / Vegetable Beer",12
"Hangar 24 Helles Lager",1015,0.043,14,477,"Munich Helles Lager",12
"The Great Return",1677,0.075,70,344,"American IPA",16
"Hardywood Cream Ale",1331,0.044,18,344,"Cream Ale",12
"Capital Trail Pale Ale",1270,0.056,55,344,"American Pale Ale (APA)",12
"UFO Gingerland",2059,0.052,15,235,"Herbed / Spiced Beer",12
"The Long Thaw White IPA",1653,0.062,45,235,"American White IPA",12
"Harpoon Summer Beer",1380,0.05,28,235,"Kölsch",12
"Harpoon IPA",1379,0.059,42,235,"American IPA",12
"UFO Pumpkin",1340,0.059,20,235,"Pumpkin Ale",12
"Harpoon Octoberfest",1313,0.055,30,235,"Märzen / Oktoberfest",12
"Harpoon IPA (2012)",770,0.059,42,235,"American IPA",12
"Harpoon Summer Beer (2012)",769,0.05,28,235,"Kölsch",12
"UFO White",610,0.048,10,235,"American Pale Wheat Ale",12
"Harpoon Summer Beer (2010)",192,0.05,28,235,"Kölsch",12
"Harpoon IPA (2010)",126,0.059,42,235,"American IPA",12
"Groupe G",1895,0.076,65,281,"Belgian IPA",16
"Pt. Bonita Rustic Lager",1894,0.062,40,281,"American Pale Lager",16
"Hill 88 Double IPA",1893,0.088,77,281,"American Double / Imperial IPA",16
"Loose Cannon",990,0.072,45,480,"American IPA",12
"AARGHtoberfest!",989,0.06,30,480,"Märzen / Oktoberfest",12
"Grazias",1351,0.063,30,424,"Cream Ale",16
"Habitus IPA",1346,0.08,86,424,"American IPA",16
"Ex Umbris Rye Imperial Stout",904,0.099,85,424,"American Double / Imperial Stout",16
"The Golden One",2295,0.063,21,169,"American Pilsner",12
"The Power of Zeus",2294,0.07,68,169,"American Pale Ale (APA)",12
"Tonganoxie Honey Wheat",824,0.044,22,501,"American Pale Wheat Ale",12
"The 12th Can™",1615,0.045,32,363,"American Pale Ale (APA)",16
"Hilliard's Pils",889,0.055,34,363,"Czech Pilsener",16
"Hilliard's Blonde",724,0.049,20,363,"American Blonde Ale",16
"Hilliard's Amber Ale",497,0.055,60,363,"American Amber / Red Ale",16
"Hilliard's Saison",496,0.066,30,363,"Saison / Farmhouse Ale",16
"Provision",1835,0.042,25,298,"Saison / Farmhouse Ale",12
"One Nut Brown",1834,0.047,28,298,"American Brown Ale",12
"Hop Farm IPA",1833,0.058,45,298,"American IPA",12
"Double D Blonde",2195,0.049,20,199,"American Blonde Ale",12
"Festeroo Winter Ale",1605,0.078,60,199,"American Strong Ale",12
"Proxima IPA",1543,0.063,70,199,"American IPA",12
"Double D Blonde (2013)",1390,0.049,20,199,"American Blonde Ale",12
"541 American Lager",1354,0.048,13,199,"American Pale Lager",12
"Alphadelic IPA",1353,0.065,90,199,"American IPA",12
"Alphadelic IPA (2011)",499,0.065,90,199,"American IPA",12
"Double D Blonde (2011)",498,0.049,20,199,"American Blonde Ale",12
"Alteration",502,0.051,40,396,"Altbier",12
"Pale Dog",501,0.06,50,396,"American Pale Ale (APA)",12
"Totally Radler",2482,0.027,21,81,"Radler",16
"Nonstop Hef Hop",2400,0.039,20,81,"American Pale Wheat Ale",16
"Nonstop Hef Hop",2399,0.039,20,81,"American Pale Wheat Ale",16
"Nonstop Hef Hop",2398,0.039,20,81,"American Pale Wheat Ale",16
"Nonstop Hef Hop",2397,0.039,20,81,"American Pale Wheat Ale",16
"Nonstop Hef Hop",2396,0.039,20,81,"American Pale Wheat Ale",16
"Nonstop Hef Hop",2395,0.039,20,81,"American Pale Wheat Ale",16
"Nonstop Hef Hop",2394,0.039,20,81,"American Pale Wheat Ale",16
"Nonstop Hef Hop",2393,0.039,20,81,"American Pale Wheat Ale",16
"Nonstop Hef Hop",2392,0.039,20,81,"American Pale Wheat Ale",16
"Nonstop Hef Hop",2391,0.039,20,81,"American Pale Wheat Ale",16
"Nonstop Hef Hop",2390,0.039,20,81,"American Pale Wheat Ale",16
"Nonstop Hef Hop",2389,0.039,20,81,"American Pale Wheat Ale",16
"Rise Up Red",2388,0.058,60,81,"American Amber / Red Ale",16
"Survival Stout",2200,0.058,35,81,"American Stout",16
"Hopworks IPA",2199,0.066,75,81,"American IPA",16
"Abominable Winter Ale",2193,0.073,70,81,"American Strong Ale",16
"Pigwar White India Pale Ale",1398,0.06,60,81,"American White IPA",16
"Rise-Up Red (2014)",1085,0.058,60,81,"American Amber / Red Ale",16
"Abominable Winter Ale (2012)",916,0.073,70,81,"American Strong Ale",16
"HUB Lager",658,0.051,32,81,"Czech Pilsener",16
"Hopworks IPA (2012)",653,0.066,75,81,"American IPA",16
"Laka Laka Pineapple",2384,0.051,17,121,"Hefeweizen",12
"Let It Ride IPA",1903,0.068,90,278,"American IPA",12
"Stir Crazy Winter Ale",1691,0.065,22,278,"Winter Warmer",12
"Sweet Yamma Jamma Ale",1555,0.05,10,278,"Fruit / Vegetable Beer",12
"Shenanigans Summer Ale",1115,0.046,27,278,"American Pale Wheat Ale",12
"Midnight Ryder",729,0.065,80,278,"American Black Ale",12
"Day Tripper Pale Ale",728,0.054,45,278,"American Pale Ale (APA)",12
"Oklahoma Suks",2350,0.048,32,141,"American Amber / Red Ale",12
"Power & Light",2301,0.055,42,141,"American Pale Ale (APA)",12
"White Rabbit",1904,0.059,27,141,"Witbier",12
"Tribute",2609,0.058,58,24,"American Pale Ale (APA)",12
"Infamous IPA",2038,0.07,75,243,"American IPA",12
"Hijack",1774,0.055,20,243,"Cream Ale",12
"Jon Boat Coastal Ale",559,0.045,20,528,"American Blonde Ale",12
"I-10 IPA",558,0.068,55,528,"American IPA",12
"People's Pale Ale",553,0.053,28,528,"American Pale Ale (APA)",12
"House Lager",2673,0.052,18,3,"Keller Bier / Zwickel Bier",16
"Leisure Time",2672,0.048,15,3,"American Pale Lager",12
"Excess IPL",2671,0.072,80,3,"American India Pale Lager",16
"Hoponius Union",2670,0.067,65,3,"American India Pale Lager",12
"Calyptra",2669,0.049,45,3,"American India Pale Lager",12
"Thunder Ann",1793,0.055,37,313,"American Pale Ale (APA)",12
"Weize Guy",2060,0.05,15,234,"Hefeweizen",12
"Fox Tail Gluten Free Ale",469,0.05,50,234,"American Pale Ale (APA)",12
"Hop Box Imperial IPA",468,0.093,90,234,"American Double / Imperial IPA",12
"Joseph James American Lager",467,0.052,15,234,"American Adjunct Lager",12
"Lewbricator Wheat Dopplebock",2162,0.075,24,209,"Doppelbock",12
"Weisse Versa (2012)",2374,0.052,16,126,"Hefeweizen",12
"Mother in Lager",1560,0.058,25,126,"Munich Dunkel Lager",12
"Weekend Warrior Pale Ale",1557,0.055,40,126,"American Pale Ale (APA)",12
"Karbachtoberfest",1458,0.055,25,126,"Märzen / Oktoberfest",12
"Love Street Summer Seasonal (2014)",1235,0.047,20,126,"Kölsch",12
"Barn Burner Saison",1068,0.066,20,126,"Saison / Farmhouse Ale",12
"Rodeo Clown Double IPA",666,0.095,85,126,"American Double / Imperial IPA",12
"Sympathy for the Lager",465,0.049,45,126,"American Amber / Red Lager",12
"Weisse Versa",464,0.052,15,126,"Hefeweizen",12
"Hopadillo India Pale Ale",463,0.066,70,126,"American IPA",12
"KelSo Nut Brown Lager",1678,0.057,19,343,"Euro Dark Lager",12
"KelSo India Pale Ale",1572,0.06,64,343,"American IPA",12
"KelSo Pilsner",1348,0.055,23,343,"Czech Pilsener",12
"Peninsula Brewers Reserve (PBR)",1187,0.05,15,459,"American Blonde Ale",12
"Cold Smoke Scotch Ale (2007)",760,0.065,11,511,"Scotch Ale / Wee Heavy",16
"Double Haul IPA (2009)",759,0.065,65,511,"American IPA",16
"Double Haul IPA (2006)",758,0.065,65,511,"American IPA",16
"Eddy Out Pale Ale",87,0.055,50,511,"American Pale Ale (APA)",16
"Double Haul IPA",86,0.065,65,511,"American IPA",16
"Cold Smoke Scotch Ale",85,0.065,11,511,"Scotch Ale / Wee Heavy",16
"King Street IPA",1667,0.06,70,103,"American IPA",12
"King Street Hefeweizen",1666,0.057,10,103,"Hefeweizen",12
"India Pale Ale",2460,0.063,65,88,"American IPA",16
"Blackberry Wheat",2459,0.048,11,88,"American Pale Wheat Ale",16
"Longboard Island Lager",1274,0.046,18,440,"American Amber / Red Lager",24
"Longboard Island Lager",1220,0.046,18,440,"American Amber / Red Lager",16
"Longboard Island Lager",1070,0.046,18,440,"American Amber / Red Lager",12
"Longboard Island Lager",590,0.046,18,440,"American Amber / Red Lager",12
"Choc Beer (2003)",781,0.04,9,506,"American Dark Wheat Ale",12
"A Slice of Hefen",1741,0.054,15,333,"Hefeweizen",16
"Elevated IPA",664,0.072,100,333,"American IPA",16
"Rumspringa Golden Bock",392,0.066,30,546,"Maibock / Helles Bock",12
"Lancaster German Style Kölsch",195,0.048,28,546,"Kölsch",12
"Laughing Dog Cream Ale",2108,0.05,12,219,"Cream Ale",12
"Two-One Niner",1397,0.048,9,219,"American Pilsner",12
"Laughing Dog IPA",1396,0.064,66,219,"American IPA",12
"Madra Allta",1675,0.064,95,346,"American IPA",12
"Duluchan India Pale Ale",1249,0.056,70,346,"American IPA",12
"Getaway",2036,0.052,30,245,"German Pilsener",16
"Farm Girl Saison",1168,0.06,30,245,"Saison / Farmhouse Ale",16
"Adam's Stout",1832,0.058,40,299,"American Stout",12
"American Hero",1688,0.057,42,299,"American Amber / Red Ale",12
"Schweet Ale",1687,0.052,20,299,"Fruit / Vegetable Beer",12
"Irregardless IPA",1686,0.065,75,299,"American IPA",12
"Peach Pale Ale",2434,0.057,40,105,"American Pale Ale (APA)",12
"Peacemaker Pale Ale",2329,0.057,47,150,"American Pale Ale (APA)",12
"Shotgun Betty",2327,0.058,11,150,"Hefeweizen",12
"Sweet Josie",2326,0.061,30,150,"American Brown Ale",12
"Long Trail IPA",1926,0.059,42,269,"English India Pale Ale (IPA)",12
"Long Trail Ale",1924,0.046,30,269,"American Amber / Red Ale",12
"Double Bag",1090,0.072,33,269,"Altbier",16
"Blackbeary Wheat",574,0.04,8,269,"Fruit / Vegetable Beer",12
"Long Trail Ale (1)",573,0.046,30,269,"Altbier",12
"Gose",2584,0.046,8,42,"Gose",16
"Vermont Pilsner",2583,0.048,20,42,"German Pilsener",16
"Face Plant IPA",1309,0.062,65,431,"American IPA",12
"Rhino Chasers Pilsner",1308,0.056,55,431,"Czech Pilsener",12
"Slow Hand Stout",1571,0.052,29,378,"American Stout",16
"Pub Ale",2033,0.038,18,246,"English Dark Mild Ale",12
"Ballistic Blonde",2032,0.051,31,246,"Belgian Pale Ale",12
"Lumberyard Pilsner",1153,0.053,20,159,"American Pilsner",12
"Mac's Scottish Style Amber Ale (2000)",961,0.051,32,486,"American Amber / Red Ale",12
"Sol Drifter",2209,0.043,18,92,"American Blonde Ale",12
"The Great Pumpcan",1994,0.079,18,92,"Fruit / Vegetable Beer",16
"LIFT",1816,0.047,11,92,"Kölsch",12
"SPRYE",1815,0.05,40,92,"American Pale Ale (APA)",12
"Psychopathy",1126,0.069,70,92,"American IPA",12
"Gnarly Brown",1125,0.07,32,92,"American Brown Ale",12
"Happy Amber",1124,0.06,30,92,"American Amber / Red Ale",12
"#9",1813,0.051,20,304,"Fruit / Vegetable Beer",16
"Elder Betty",1113,0.055,13,304,"Hefeweizen",12
"#9",360,0.051,20,304,"Fruit / Vegetable Beer",12
"Belgian Style Session Ale",1625,0.045,21,357,"Belgian Pale Ale",12
"Summer Paradise",1484,0.05,18,357,"American Pale Wheat Ale",12
"Monk from the 'Yunk",1356,0.09,30,357,"Tripel",12
"Schuylkill Punch",1355,0.06,14,357,"Fruit / Vegetable Beer",12
"Dreamin' Double IPA",1334,0.085,85,357,"American Double / Imperial IPA",12
"Chaotic Double IPA",1674,0.099,93,347,"American Double / Imperial IPA",12
"Manzanita IPA",1673,0.08,88,347,"American IPA",12
"Riverwalk Blonde Ale",1672,0.06,25,347,"American Blonde Ale",12
"Gillespie Brown Ale",1671,0.095,49,347,"American Brown Ale",12
"Manzanita Pale Ale",1670,0.066,44,347,"American Pale Ale (APA)",12
"River House",2308,0.05,20,162,"Saison / Farmhouse Ale",16
"Pretzel Stout",2268,0.065,47,162,"American Stout",16
"Rubberneck Red",2197,0.05,35,162,"American Amber / Red Ale",16
"Our Legacy IPA",1831,0.065,60,300,"American IPA",12
"Our Legacy IPA",1135,0.065,60,300,"American IPA",16
"Blueberry Blonde Ale",773,0.05,12,300,"American Blonde Ale",12
"Lahaina Town Brown",1578,0.051,20,376,"American Brown Ale",12
"Sobrehumano Palena'ole",690,0.06,24,376,"American Amber / Red Ale",12
"La Perouse White",547,0.05,12,376,"Witbier",12
"Flyin' HI.P.Hay",435,0.068,68,376,"American IPA",12
"Mana Wheat",313,0.055,15,376,"American Pale Wheat Ale",12
"Bikini Blonde Lager",33,0.045,18,376,"Munich Helles Lager",12
"CoCoNut Porter",32,0.057,30,376,"American Porter",12
"Big Swell IPA",31,0.062,65,376,"American IPA",12
"Pit Stop Chocolate Porter",1237,0.037,34,449,"American Porter",12
"Pace Setter Belgian Style Wit",1236,0.037,21,449,"Witbier",12
"Back in the Saddle Rye Pale Ale",1047,0.037,53,449,"American Pale Ale (APA)",12
"Tsunami IPA",2186,0.072,75,204,"American IPA",19.2
"Tsunami IPA",2185,0.072,75,204,"American IPA",12
"Humpback Blonde Ale",2184,0.042,22,204,"American Blonde Ale",12
"Hawaiian Crow Porter",2178,0.052,27,204,"American Porter",12
"Volcano Red Ale",2177,0.052,23,204,"American Amber / Red Ale",12
"Mauna Kea Pale Ale",2176,0.054,42,204,"American Pale Ale (APA)",12
"Shark Bait",1508,0.053,11,394,"Fruit / Vegetable Beer",12
"Gator Tail Brown Ale",1507,0.053,30,394,"American Brown Ale",12
"Miami Vice IPA",1506,0.071,62,394,"American IPA",12
"Big Rod Coconut Ale",1325,0.053,16,394,"American Blonde Ale",12
"Pleasure Town",2093,0.063,61,224,"American IPA",12
"Pleasure Town IPA",1814,0.063,61,224,"American IPA",12
"Snowshoe White Ale",587,0.048,12,224,"Witbier",12
"Kodiak Brown Ale",586,0.05,24,224,"American Brown Ale",12
"Sockeye Red IPA",434,0.057,70,224,"American IPA",12
"Habitus (2014)",2668,0.08,100,4,"American Double / Imperial IPA",16
"Solis",2667,0.075,85,4,"American IPA",16
"Jucundus",2666,0.06,24,4,"Wheat Ale",16
"Habitus",2664,0.08,100,4,"American Double / Imperial IPA",16
"Grazias",2663,0.063,30,4,"Cream Ale",16
"Claritas",2662,0.058,28,4,"Kölsch",16
"Daft Funk",2530,0.043,8,66,"Berliner Weissbier",24
"Hop Freak",1884,0.087,80,285,"American Double / Imperial IPA",16
"Louie's Demise Amber Ale",1272,0.051,24,285,"American Amber / Red Ale",16
"Hop Happy",1080,0.075,51,285,"American IPA",16
"Booyah Farmhouse Ale",932,0.065,20,285,"Saison / Farmhouse Ale",16
"Flaming Damsel Lager (2010)",172,0.048,18,285,"Vienna Lager",16
"Louie’s Demise Immort-Ale (2010)",171,0.051,24,285,"American Amber / Red Ale",16
"Mission IPA",2441,0.068,66,99,"American IPA",32
"El Conquistador Extra Pale Ale",1460,0.048,44,99,"American Pale Ale (APA)",32
"Shipwrecked Double IPA",1459,0.092,75,99,"American Double / Imperial IPA",32
"City of the Sun",2159,0.075,85,210,"American IPA",16
"Booming Rollers",2157,0.068,75,210,"American IPA",16
"Oneida",2156,0.052,50,210,"American Pale Ale (APA)",16
"Aurora",2154,0.067,75,210,"American Amber / Red Ale",16
"Lomaland",1495,0.055,30,210,"Saison / Farmhouse Ale",16
"Fortunate Islands",1494,0.047,46,210,"American Pale Wheat Ale",16
"Black House",1493,0.058,40,210,"American Stout",16
"Blazing World",1492,0.065,115,210,"American Amber / Red Ale",16
"Montauk Summer Ale",1907,0.056,28,277,"American Blonde Ale",12
"Driftwood Ale",1906,0.06,49,277,"Extra Special / Strong Bitter (ESB)",12
"When Helles Freezes Over",1756,0.056,18,327,"Munich Helles Lager",12
"Morgan Street Oktoberfest",1617,0.049,24,327,"Märzen / Oktoberfest",12
"Honey Wheat",1052,0.047,14,327,"American Pale Wheat Ale",12
"Black Bear Dark Lager",1051,0.046,24,327,"Schwarzbier",12
"Golden Pilsner",1046,0.05,35,327,"German Pilsener",12
"Cali Creamin'",2413,0.052,21,112,"Cream Ale",12
"Towhead",2237,0.052,21,189,"American Blonde Ale",12
"Lil' Helper",2208,0.07,70,189,"American IPA",12
"Mustang Golden Ale",421,0.053,10,367,"American Blonde Ale",12
"Washita Wheat",420,0.053,14,367,"American Pale Wheat Ale",12
"Gansett Light",2345,0.037,10,144,"Light Lager",16
"Bohemian Pils",2224,0.052,30,144,"American Pilsner",16
"Autocrat Coffee Milk Stout",1775,0.053,30,144,"Milk / Sweet Stout",16
"Narragansett Bohemian Pilsner",1291,0.086,35,144,"German Pilsener",16
"Narragansett Summer Ale",1093,0.042,24,144,"American Pale Wheat Ale",12
"Narragansett Cream Ale",580,0.05,22,144,"Cream Ale",16
"Narragansett Summer Ale",403,0.042,24,144,"American Pale Wheat Ale",16
"Narragansett Porter",316,0.07,22,144,"American Porter",16
"Narragansett Bock",315,0.065,32,144,"Bock",16
"Narragansett Fest Lager",314,0.055,15,144,"Märzen / Oktoberfest",16
"Old Grogham Imperial India Pale Ale",1265,0.085,86,388,"American Double / Imperial IPA",16
"Old Grogham Imperial India Pale Ale (2012)",747,0.085,86,388,"American Double / Imperial IPA",16
"Wick For Brains",1705,0.061,11,338,"Pumpkin Ale",12
"Nebraska India Pale Ale",1148,0.065,65,338,"American IPA",12
"EOS Hefeweizen",1147,0.048,10,338,"Hefeweizen",12
"Brunette Nut Brown Ale",1146,0.048,15,338,"English Brown Ale",12
"Cardinal Pale Ale",1145,0.057,29,338,"American Pale Ale (APA)",12
"Slow Ride",2475,0.045,40,83,"American IPA",12
"Ranger IPA",2230,0.065,70,83,"American IPA",12
"Shift",1987,0.05,29,83,"American Pale Lager",12
"1554 Black Lager",1978,0.056,21,83,"Euro Dark Lager",12
"Fat Tire Amber Ale",1586,0.052,18,83,"American Amber / Red Ale",12
"Shift (1)",952,0.05,29,83,"American Pale Lager",12
"Fat Tire Amber Ale (2011)",748,0.052,18,83,"American Amber / Red Ale",12
"Shift",578,0.05,29,83,"American Pale Lager",16
"Ranger IPA",564,0.065,70,83,"American IPA",16
"Fat Tire Amber Ale",563,0.052,18,83,"American Amber / Red Ale",16
"Ranger IPA (Current)",115,0.065,70,83,"American IPA",12
"Fat Tire Amber Ale (2008)",71,0.052,18,83,"American Amber / Red Ale",12
"Weiss Trash Culture",1417,0.034,6,411,"Berliner Weissbier",12
"Gandhi-Bot Double IPA (12 oz.)",320,0.088,85,411,"American Double / Imperial IPA",12
"Gandhi-Bot Double IPA (16 oz.) (2010)",42,0.088,85,411,"American Double / Imperial IPA",16
"Skylight",2043,0.056,20,242,"Dunkelweizen",12
"Kadigan",2042,0.056,30,242,"American Blonde Ale",12
"Dammit Jim!",2041,0.052,50,242,"American Amber / Red Ale",12
"Cream Ale",2050,0.042,35,239,"Cream Ale",12
"Jam Session",1622,0.051,31,360,"American Pale Ale (APA)",16
"Hop Drop 'N Roll IPA",1621,0.072,80,360,"American IPA",16
"Get Together",2692,0.045,50,1,"American IPA",16
"Maggie's Leap",2691,0.049,26,1,"Milk / Sweet Stout",16
"Wall's End",2690,0.048,19,1,"English Brown Ale",16
"Pumpion",2689,0.06,38,1,"Pumpkin Ale",16
"Stronghold",2688,0.06,25,1,"American Porter",16
"Parapet ESB",2687,0.056,47,1,"Extra Special / Strong Bitter (ESB)",16
"Three Skulls Ale Pale Ale",1226,0.063,42,451,"American Pale Ale (APA)",16
"5 Day IPA",1258,0.061,66,443,"American IPA",12
"O'Fallon Wheach",128,0.051,7,443,"Fruit / Vegetable Beer",12
"Watershed IPA",2331,0.067,70,151,"American IPA",12
"Oakshire Amber Ale",1669,0.054,24,151,"American Amber / Red Ale",12
"Overcast Espresso Stout",1668,0.058,27,151,"American Stout",12
"Watershed IPA (2013)",999,0.067,70,151,"American IPA",12
"Lake Monster",2247,0.082,25,185,"Baltic Porter",16
"London Homesick Ale",2071,0.049,27,185,"English Bitter",12
"Luchesa Lager",2070,0.048,35,185,"Keller Bier / Zwickel Bier",12
"Slow Ride",2069,0.048,35,185,"American Pale Ale (APA)",12
"Perpetual Darkness",2335,0.092,72,149,"Belgian Strong Dark Ale",12
"Clan Warrior",2334,0.087,29,149,"Scotch Ale / Wee Heavy",12
"Psycho Penguin Vanilla Porter",2333,0.054,36,149,"American Porter",12
"The Hole in Hadrian's Wall",1059,0.095,19,472,"Scottish Ale",16
"33 Select Brown Ale",1058,0.065,26,472,"American Brown Ale",16
"Midwest Charm Farmhouse Ale",603,0.06,29,472,"Saison / Farmhouse Ale",16
"Boji Blue Pale Ale",602,0.05,45,472,"American Pale Ale (APA)",16
"Winter Games Select #32 Stout",601,0.057,26,472,"American Stout",16
"Boji Beach Golden Rye Ale",600,0.05,23,472,"Rye Beer",16
"Falling Down Brown Ale",1487,0.065,65,302,"American Brown Ale",16
"Old Forge Pumpkin Ale",1394,0.046,20,302,"Pumpkin Ale",16
"Pinner Throwback IPA",2302,0.049,35,167,"American IPA",12
"Dale's Pale Ale",1444,0.065,65,167,"American Pale Ale (APA)",12
"Dale's Pale Ale",1252,0.065,65,167,"American Pale Ale (APA)",12
"Mama's Little Yella Pils",1167,0.053,35,167,"Czech Pilsener",19.2
"Dale's Pale Ale",955,0.065,65,167,"American Pale Ale (APA)",19.2
"Dale's Pale Ale (10 Year Anniversary)",892,0.065,65,167,"American Pale Ale (APA)",12
"Dale's Pale Ale (2012)",828,0.065,65,167,"American Pale Ale (APA)",12
"Gordon Imperial Red (2010)",806,0.087,85,167,"American Double / Imperial IPA",12
"Dale's Pale Ale (2011)",755,0.065,65,167,"American Pale Ale (APA)",12
"Dale's Pale Ale (2010)",754,0.065,65,167,"American Pale Ale (APA)",12
"G'KNIGHT (16 oz.)",726,0.087,85,167,"American Double / Imperial IPA",16
"HGH (Home Grown Hops): Part Duh",585,0.08,70,167,"American Strong Ale",12
"One Hit Wonder",391,0.09,60,167,"American Double / Imperial IPA",12
"G'KNIGHT (12 oz.)",388,0.087,85,167,"American Double / Imperial IPA",12
"Ten Fidy Imperial Stout",8,0.099,98,167,"Russian Imperial Stout",12
"Mama's Little Yella Pils",7,0.053,35,167,"Czech Pilsener",12
"GUBNA Imperial IPA",6,0.099,100,167,"American Double / Imperial IPA",12
"Old Chub",5,0.08,35,167,"Scottish Ale",12
"Gordon Ale (2009)",4,0.087,85,167,"American Double / Imperial IPA",12
"Dale's Pale Ale",1,0.065,65,167,"American Pale Ale (APA)",12
"Gordon (2005)",805,0.092,85,504,"American Double / Imperial IPA",12
"Ten Fidy Imperial Stout (2008)",804,0.095,98,504,"Russian Imperial Stout",12
"Ten Fidy Imperial Stout (2007)",803,0.099,98,504,"Russian Imperial Stout",12
"Old Chub (2008)",787,0.08,35,504,"Scottish Ale",12
"Old Chub (2004)",786,0.08,35,504,"Scottish Ale",12
"Old Chub (2003)",785,0.08,35,504,"Scottish Ale",12
"Dale's Pale Ale (2008)",745,0.065,65,504,"American Pale Ale (APA)",12
"Dale's Pale Ale (2006)",744,0.065,65,504,"American Pale Ale (APA)",12
"Dale's Pale Ale (2004)",743,0.065,65,504,"American Pale Ale (APA)",12
"Dale's Pale Ale (2003)",742,0.065,65,504,"American Pale Ale (APA)",12
"Dale's Pale Ale (2002)",741,0.065,65,504,"American Pale Ale (APA)",12
"Gordon Beer (2006)",733,0.087,60,504,"American Double / Imperial IPA",12
"G'KNIGHT",1533,0.087,85,390,"American Double / Imperial IPA",12
"Ten Fidy",1532,0.099,98,390,"Russian Imperial Stout",12
"Deviant Dale's IPA",1328,0.08,85,390,"American Double / Imperial IPA",16
"Old Chub",1175,0.08,35,390,"Scottish Ale",12
"Dale's Pale Ale",1166,0.065,65,390,"American Pale Ale (APA)",19.2
"Dale's Pale Ale",1065,0.065,65,390,"American Pale Ale (APA)",12
"Fresh Slice White IPA",1908,0.055,45,276,"American White IPA",12
"Overgrown American Pale Ale",1946,0.055,55,262,"American Pale Ale (APA)",12
"Ozark American Pale Ale",1961,0.04,39,260,"American Pale Ale (APA)",12
"Rustic Red",1268,0.052,23,442,"Irish Red Ale",16
"Stimulator Pale Ale",697,0.053,48,442,"American Pale Ale (APA)",16
"Old Town Ale",696,0.045,22,442,"Kölsch",16
"Car 21",695,0.044,28,442,"English Bitter",16
"Cache La Porter",694,0.05,24,442,"American Porter",16
"Rodeo Rye Pale Ale",1805,0.042,35,308,"American Pale Ale (APA)",12
"Outlaw IPA",1048,0.062,65,308,"American IPA",12
"Payette Pale Ale",890,0.048,35,308,"American Pale Ale (APA)",12
"Mutton Buster",775,0.055,25,308,"American Brown Ale",12
"Summer Session Ale",1930,0.05,61,267,"American Pale Wheat Ale",12
"Lobo Lito",2238,0.04,12,188,"Light Lager",12
"Robert Earl Keen Honey Pils",2144,0.05,17,188,"American Pilsner",12
"Mound Builder IPA",2175,0.065,77,206,"American IPA",12
"Amazon Princess IPA",2168,0.062,62,206,"American IPA",12
"Hotbox Brown",2633,0.055,10,14,"American Brown Ale",12
"Gold",2632,0.048,15,14,"American Blonde Ale",12
"98 Problems (Cuz A Hop Ain't One)",2630,0.065,65,14,"American IPA",12
"Veteran’s Pale Ale (VPA)",2629,0.05,40,14,"American Pale Ale (APA)",12
"Grapefruit IPA",2628,0.05,35,14,"American IPA",12
"Sparkle",2635,0.041,12,12,"American Pale Lager",16
"North 45 Amber Ale",1404,0.059,25,12,"American Amber / Red Ale",16
"Horny Monk",1403,0.069,20,12,"Dubbel",16
"Mind's Eye PA",1402,0.067,74,12,"American IPA",16
"Camelback",2312,0.061,60,158,"American IPA",12
"Elephant Rock IPA",1384,0.07,75,356,"American IPA",12
"Hot Date Ale",1791,0.06,20,315,"Chile Beer",16
"Sweet Potato Ale",1491,0.06,24,315,"Fruit / Vegetable Beer",16
"Float Trip Ale",1335,0.045,18,315,"American Blonde Ale",16
"Old Tom Porter",847,0.055,25,315,"American Porter",16
"Black Walnut Wheat",846,0.045,18,315,"American Dark Wheat Ale",16
"McKinney Eddy Amber Ale",521,0.055,20,315,"American Amber / Red Ale",16
"Missouri Mule India Pale Ale",479,0.07,70,315,"American IPA",16
"GreyBeard™ IPA",1760,0.069,51,325,"American IPA",12
"Pisgah Pale Ale",1759,0.057,31,325,"American Pale Ale (APA)",12
"Mazzie",2553,0.054,45,56,"American Pale Ale (APA)",12
"Morning Wood Wheat (Current)",2360,0.059,14,136,"American Pale Wheat Ale",12
"Hideout Helles",1463,0.069,17,136,"Munich Helles Lager",12
"Dead Eye Dunkel",1462,0.06,15,136,"Munich Dunkel Lager",12
"Peacemaker Pilsner",1461,0.058,21,136,"Czech Pilsener",12
"Over the Rail Pale Ale",711,0.057,68,136,"American Pale Ale (APA)",12
"Pallavicini Pilsner (2009)",188,0.058,21,136,"Czech Pilsener",12
"Morning Wood Wheat (Current)",130,0.059,14,136,"American Pale Wheat Ale",12
"Pyramid Hefeweizen (2011)",399,0.052,18,545,"Hefeweizen",12
"Haywire Hefeweizen (2010)",82,0.052,18,545,"Hefeweizen",16
"Golden Fleece",2031,0.045,35,247,"Belgian Pale Ale",12
"Smoking Mirror",2030,0.055,30,247,"American Porter",12
"Pride of Texas Pale Ale",2229,0.058,60,177,"American Pale Ale (APA)",12
"18th Anniversary Gose",2370,0.044,5,129,"Gose",12
"White (2015)",2211,0.046,25,129,"Witbier",12
"BLAKKR",1861,0.099,85,129,"American Black Ale",12
"Firemans #4 Blonde Ale (2013)",1718,0.051,21,129,"American Blonde Ale",12
"Hans' Pils (2015)",1091,0.053,52,129,"German Pilsener",12
"Four Squared (2015)",1086,0.06,50,129,"American Blonde Ale",12
"Firemans #4 Blonde Ale (2015)",830,0.051,21,129,"American Blonde Ale",12
"Watership Brown Ale",1021,0.072,55,476,"American Brown Ale",12
"Gangway IPA",938,0.062,55,476,"American IPA",12
"Farmer's Daughter Blonde",2516,0.051,17,69,"American Blonde Ale",16
"Pump House IPA",2515,0.055,45,69,"American IPA",16
"Vanilla Porter",2513,0.047,25,69,"American Porter",16
"Honey Rye",2512,0.058,18,69,"Rye Beer",16
"Long Hammer IPA",945,0.065,44,488,"American IPA",16
"Long Hammer IPA",583,0.065,44,488,"American IPA",12
"Copper Hook (2011)",339,0.058,27,488,"American Amber / Red Ale",12
"Blood Orange Wit",2087,0.05,16,226,"Witbier",16
"Consilium",2414,0.05,40,111,"American Pale Ale (APA)",12
"Hammer & Sickle",1581,0.09,60,111,"Russian Imperial Stout",12
"Redacted Rye IPA",1176,0.07,100,111,"American IPA",16
"Elevation Triple India Pale Ale",1006,0.099,100,111,"American Double / Imperial IPA",12
"5:00 O'Clock Afternoon Ale",1005,0.05,25,111,"American Blonde Ale",16
"Ryeteous Rye IPA (2012)",636,0.07,100,111,"American IPA",16
"Fist City",2576,0.055,40,45,"American Pale Ale (APA)",12
"Rosa Hibiscus Ale",609,0.058,15,45,"Herbed / Spiced Beer",12
"Fistmas Ale",418,0.061,31,45,"Herbed / Spiced Beer",12
"Oktoberfest Revolution",417,0.057,25,45,"Märzen / Oktoberfest",12
"Eugene Porter",416,0.068,28,45,"American Porter",12
"Anti-Hero IPA",415,0.065,70,45,"American IPA",12
"Bottom Up Belgian Wit",414,0.05,14,45,"Witbier",12
"Hustle",2452,0.057,42,94,"American Amber / Red Ale",12
"Pure Fury",2451,0.055,42,94,"American Pale Ale (APA)",12
"Dad",2132,0.06,60,94,"American Amber / Red Ale",12
"Panther",1993,0.058,35,94,"American Porter",12
"Franz",1992,0.052,21,94,"Märzen / Oktoberfest",12
"Zen",1935,0.043,45,94,"American Pale Ale (APA)",12
"Truth",1852,0.072,75,94,"American IPA",12
"Cougar",1851,0.048,25,94,"American Blonde Ale",12
"Lil SIPA",1771,0.05,55,322,"American IPA",16
"Hop Bomber Rye Pale Ale",1654,0.055,60,322,"American Pale Ale (APA)",16
"Jah Mon",2579,0.05,100,44,"American IPA",12
"12th Round",1577,0.076,78,377,"American Strong Ale",16
"RoughTail IPA",1576,0.07,80,377,"American IPA",16
"Sundown",2304,0.071,36,165,"Saison / Farmhouse Ale",12
"Original Slacker Ale",1842,0.056,40,165,"English Brown Ale",12
"Dog Days Summer Ale",1552,0.045,28,165,"Kölsch",12
"1881 California Red",1479,0.056,35,398,"American Amber / Red Ale",12
"CAPT Black IPA",1478,0.073,55,398,"American Black Ale",12
"Ruhstaller's Gilt Edge Lager Beer",1370,0.048,42,398,"American Amber / Red Lager",12
"CAPT Black IPA",883,0.073,55,398,"American Black Ale",16
"1881 California Red Ale",882,0.056,35,398,"American Amber / Red Ale",16
"Saint Archer White Ale",1868,0.05,15,289,"Witbier",12
"Saint Archer IPA",1867,0.068,66,289,"American IPA",12
"Saint Archer Pale Ale",1865,0.052,40,289,"American Pale Ale (APA)",12
"Saint Archer Blonde",1864,0.048,22,289,"Kölsch",12
"Sex Panther",2599,0.069,20,31,"American Porter",12
"Winter Warmer (Vault Series)",2073,0.095,25,31,"Winter Warmer",16
"Count Hopula (Vault Series)",2063,0.091,99,31,"American Double / Imperial IPA",16
"SunSpot Golden Ale",1934,0.05,15,31,"American Blonde Ale",12
"Epicenter Amber Ale",1073,0.055,20,31,"American Amber / Red Ale",12
"SanTan HefeWeizen",1072,0.05,15,31,"Hefeweizen",12
"Hop Shock IPA",1071,0.07,85,31,"American IPA",12
"Sex Panther (2014)",852,0.069,20,31,"American Porter",12
"Devil’s Ale",850,0.055,45,31,"American Pale Ale (APA)",12
"Mr. Pineapple",777,0.05,20,31,"Fruit / Vegetable Beer",12
"American Idiot Ale (2012)",764,0.055,45,31,"American Pale Ale (APA)",12
"Hop Shock IPA (2010)",317,0.07,85,31,"American IPA",12
"SanTan HefeWeizen (2010)",286,0.05,15,31,"Hefeweizen",12
"Devil’s Ale (2010)",285,0.055,45,31,"American Pale Ale (APA)",12
"Epicenter Amber Ale (2010)",124,0.055,20,31,"American Amber / Red Ale",12
"Sanitas Saison Ale",1392,0.058,20,420,"Saison / Farmhouse Ale",12
"Sanitas Black IPA",1391,0.068,65,420,"American Black Ale",12
"Giant DIPA",2002,0.089,88,253,"American Double / Imperial IPA",16
"Saison 88",1519,0.055,30,393,"Saison / Farmhouse Ale",12
"Black IPA",967,0.071,95,393,"American Black Ale",12
"Oval Beach Blonde Ale",1477,0.05,11,399,"American Blonde Ale",16
"Schlafly Yakima Wheat Ale",1324,0.05,45,429,"American Pale Wheat Ale",12
"Schlafly IPA",1078,0.045,30,429,"American IPA",12
"Schlafly American Brown Ale",1077,0.05,30,429,"American Brown Ale",12
"Schlafly Hefeweizen",588,0.041,16,429,"Hefeweizen",12
"Schlafly Summer Lager",53,0.045,17,429,"Munich Helles Lager",12
"Blur India Pale Ale",1302,0.074,60,433,"American IPA",12
"Frankenlou's IPA",918,0.07,105,495,"American IPA",16
"Becky's Black Cat Porter",917,0.07,55,495,"American Porter",16
"Seventh Son of a Seventh Son",2250,0.077,40,184,"American Strong Ale",16
"Stone Fort Brown Ale",1768,0.053,20,184,"English Brown Ale",16
"Seventh Son Hopped Red Ale",1767,0.077,40,184,"American Amber / Red Ale",16
"Humulus Nimbus Super Pale Ale",1766,0.06,53,184,"American Pale Ale (APA)",16
"Golden Ratio IPA",1765,0.07,68,184,"American IPA",16
"Monkey Fist IPA",1539,0.069,65,386,"American IPA",12
"Torpedo",2239,0.072,65,84,"American IPA",12
"Sierra Nevada Pale Ale",1905,0.056,37,84,"American Pale Ale (APA)",16
"Old Chico Crystal Wheat",1338,0.048,26,84,"American Pale Wheat Ale",12
"Summerfest",1295,0.05,28,84,"Czech Pilsener",12
"Torpedo",426,0.072,65,84,"American IPA",16
"Sierra Nevada Pale Ale",400,0.056,37,84,"American Pale Ale (APA)",12
"4Beans",2574,0.1,52,47,"Baltic Porter",12
"Jammer",2479,0.042,16,47,"Gose",12
"Rad",2266,0.032,7,47,"Fruit / Vegetable Beer",16
"Bengali",2090,0.065,62,47,"American IPA",24
"Sensi Harvest",1962,0.047,50,47,"American Pale Ale (APA)",12
"Hi-Res",1696,0.099,111,47,"American Double / Imperial IPA",12
"Global Warmer",1608,0.07,70,47,"American Strong Ale",12
"Autumnation (2013)",1591,0.067,74,47,"American IPA",16
"The Crisp",1388,0.054,42,47,"German Pilsener",16
"Sweet Action",1387,0.052,34,47,"Cream Ale",16
"Righteous Ale",1386,0.063,57,47,"Rye Beer",16
"Bengali Tiger",1385,0.064,62,47,"American IPA",16
"3Beans",1020,0.099,85,47,"Baltic Porter",12
"Brownstone",778,0.059,47,47,"American Brown Ale",16
"Apollo",630,0.052,11,47,"American Pale Wheat Ale",16
"Harbinger",629,0.049,35,47,"Saison / Farmhouse Ale",16
"Resin",628,0.091,103,47,"American Double / Imperial IPA",12
"Diesel",525,0.063,69,47,"American Stout",16
"Autumnation (2011-12) (2011)",512,0.06,48,47,"Pumpkin Ale",16
"The Crisp (2011)",425,0.054,42,47,"German Pilsener",16
"Sweet Action (2011)",424,0.052,34,47,"Cream Ale",16
"Righteous Ale (2011)",423,0.063,57,47,"Rye Beer",16
"Bengali Tiger (2011)",422,0.064,62,47,"American IPA",16
"Modus Hoperandi",1521,0.068,65,265,"American IPA",12
"Estival Cream Stout",1297,0.058,15,265,"American Stout",12
"Mexican Logger",386,0.042,18,265,"American Pale Lager",12
"ESB Special Ale",68,0.057,58,265,"Extra Special / Strong Bitter (ESB)",12
"Modus Hoperandi",67,0.068,65,265,"American IPA",12
"Iron Butt Red Ale",1792,0.058,39,314,"American Amber / Red Ale",12
"Initial Point India Pale Ale",1609,0.071,92,314,"American IPA",12
"Homefront IPA",2305,0.06,70,164,"American IPA",12
"Sly Fox Christmas Ale 2013",1588,0.055,16,372,"Winter Warmer",12
"Grisette",1363,0.056,25,372,"Grisette",12
"Helles Golden Lager",1123,0.049,18,372,"Munich Helles Lager",12
"Sly Fox Christmas Ale 2012 (2012)",926,0.055,16,372,"Winter Warmer",12
"Odyssey Imperial IPA",894,0.084,90,372,"American Double / Imperial IPA",12
"Oktoberfest Lager",166,0.058,25,372,"Märzen / Oktoberfest",12
"113 IPA",24,0.07,113,372,"American IPA",12
"Dunkel Lager",23,0.053,21,372,"Munich Dunkel Lager",12
"Royal Weisse Ale",22,0.056,11,372,"Hefeweizen",12
"Pikeland Pils",21,0.049,44,372,"German Pilsener",12
"Phoenix Pale Ale",20,0.051,40,372,"American Pale Ale (APA)",12
"Rule G IPA",2407,0.07,88,116,"American IPA",12
"Murphy's Law",2406,0.058,35,116,"American Amber / Red Ale",12
"Alter Ego",2405,0.062,33,116,"Saison / Farmhouse Ale",12
"Snow King Pale Ale",1606,0.06,55,192,"American Pale Ale (APA)",12
"Zonker Stout",617,0.054,36,192,"Foreign / Export Stout",12
"OB-1 Organic Ale",407,0.05,22,192,"English Brown Ale",12
"Snake River Lager",406,0.05,18,192,"Vienna Lager",12
"Snake River Pale Ale",402,0.052,32,192,"American Pale Ale (APA)",12
"Pako’s EyePA",393,0.068,60,192,"American IPA",12
"Dagger Falls IPA",1596,0.063,100,310,"American IPA",12
"Dagger Falls IPA",1595,0.063,100,310,"American IPA",12
"Old Devil's Tooth",1160,0.099,100,310,"American Barleywine",12
"Hell-Diver Pale Ale",1151,0.052,32,310,"American Pale Ale (APA)",12
"Woolybugger Wheat",1150,0.046,12,310,"American Pale Wheat Ale",12
"Winterfest",995,0.084,90,310,"American Strong Ale",16
"Dagger Falls IPA",879,0.063,100,310,"American IPA",12
"LuckenBock",1972,0.07,18,258,"Bock",16
"Texas Pale Ale (TPA)",1971,0.055,40,258,"American IPA",16
"Kol' Beer",1969,0.05,22,258,"Kölsch",16
"Na Zdraví Pilsner",1283,0.048,32,437,"Czech Pilsener",16
"Nice Rack IPA",1282,0.055,65,437,"American IPA",16
"2014 IPA Cicada Series",2362,0.075,72,134,"American IPA",16
"Sinister Minister Black IPA",2346,0.077,65,134,"American IPA",16
"Jack the Sipper",2320,0.053,45,134,"Extra Special / Strong Bitter (ESB)",12
"Devil's Harvest Extra Pale Ale",2297,0.058,60,134,"American Pale Ale (APA)",12
"Suzy B Dirty Blonde Ale",2296,0.05,20,134,"American Blonde Ale",12
"Mississippi Fire Ant",1745,0.08,80,134,"American Amber / Red Ale",16
"Hipster Breakfast",1120,0.058,40,134,"Oatmeal Stout",16
"Suzy B Dirty Blonde Ale",1118,0.05,20,134,"American Blonde Ale",16
"Devil's Harvest Extra Pale Ale",1117,0.058,60,134,"American Pale Ale (APA)",16
"Pine Belt Pale Ale",2387,0.065,45,119,"American Pale Ale (APA)",12
"Le Mort Vivant",1740,0.069,23,119,"Bière de Garde",12
"Red Cockaded Ale",1728,0.085,110,119,"American Double / Imperial IPA",12
"Valkyrie Double IPA",1497,0.092,100,119,"American Double / Imperial IPA",12
"Red Cockaded Ale (2013)",1011,0.085,110,119,"American Double / Imperial IPA",12
"Old Potentate",1010,0.072,40,119,"Old Ale",12
"Bombshell Blonde",856,0.05,20,119,"American Blonde Ale",16
"PRO-AM (2012) (2012)",853,0.099,100,119,"American Double / Imperial IPA",12
"Le Mort Vivant (2011)",555,0.069,23,119,"Bière de Garde",12
"Buried Hatchet Stout",46,0.083,50,119,"Foreign / Export Stout",12
"Pine Belt Pale Ale",45,0.065,45,119,"American Pale Ale (APA)",16
"Bombshell Blonde",44,0.05,20,119,"American Blonde Ale",12
"Baby Daddy Session IPA",2486,0.047,35,79,"American IPA",12
"Special Amber",855,0.05,22,499,"Vienna Lager",12
"Special Amber",445,0.05,22,499,"Vienna Lager",12
"Starr Pils",1544,0.042,20,384,"German Pilsener",12
"Northern Lights India Pale Ale",1205,0.065,52,384,"American IPA",16
"Festie",369,0.048,12,384,"Märzen / Oktoberfest",12
"Northern Lights India Pale Ale",368,0.065,52,384,"American IPA",12
"Third Eye Enlightened Pale Ale",2386,0.065,65,120,"American Pale Ale (APA)",12
"Colorado Kölsch",92,0.049,17,120,"Kölsch",12
"Steam Engine Lager",91,0.057,25,120,"American Amber / Red Lager",12
"Third Eye Pale Ale",90,0.065,65,120,"American IPA",12
"Point Special (Current)",2366,0.047,9,132,"American Adjunct Lager",12
"Point Special",2365,0.047,9,132,"American Adjunct Lager",12
"Point Cascade Pale Ale (2013)",2270,0.054,33,132,"American Pale Ale (APA)",12
"Point Special",2228,0.047,9,132,"American Adjunct Lager",12
"Onyx Black Ale",2151,0.052,9,132,"American Black Ale",12
"Beyond The Pale IPA",2150,0.063,64,132,"American IPA",12
"Point Special (2013)",2122,0.047,9,132,"American Adjunct Lager",12
"Point Special (2012)",2121,0.047,9,132,"American Adjunct Lager",12
"Point Special Lager",2115,0.047,9,132,"American Adjunct Lager",16
"Point Oktoberfest",1357,0.057,15,132,"Märzen / Oktoberfest",16
"Point Nude Beach Summer Wheat",1225,0.052,7,132,"American Pale Wheat Ale",16
"Point Nude Beach Summer Wheat",816,0.05,7,132,"American Pale Wheat Ale",12
"Point Nude Beach Summer Wheat (2011)",772,0.05,7,132,"American Pale Wheat Ale",12
"Three Kings Ale",650,0.049,13,132,"Kölsch",12
"Point Oktoberfest",456,0.057,15,132,"Märzen / Oktoberfest",12
"2012 Black Ale",357,0.054,32,132,"American Brown Ale",12
"Point Nude Beach Summer Wheat (2010)",141,0.05,7,132,"American Pale Wheat Ale",12
"Point Cascade Pale Ale",140,0.054,33,132,"American Pale Ale (APA)",12
"Point Amber Classic",139,0.047,14,132,"American Amber / Red Lager",12
"Point Special Lager",138,0.047,9,132,"American Adjunct Lager",12
"Wisco Disco",953,0.051,31,487,"American Amber / Red Ale",16
"Sand Island Lighthouse",1410,0.051,25,413,"Kölsch",12
"Lily Flagg Milk Stout",925,0.05,30,413,"Milk / Sweet Stout",12
"Monkeynaut IPA",637,0.072,70,413,"American IPA",12
"American Lager",2233,0.041,8,130,"American Adjunct Lager",12
"American Amber",2232,0.041,8,130,"American Amber / Red Lager",12
"American Light",2231,0.032,13,130,"Light Lager",12
"Extra Pale Ale",2352,0.053,49,139,"American Pale Ale (APA)",12
"Make It So",2549,0.053,40,59,"Extra Special / Strong Bitter (ESB)",12
"Hopvale Organic Ale",2473,0.047,55,59,"American Pale Ale (APA)",16
"Unchained #18 Hop Silo",2415,0.083,100,59,"American Double / Imperial IPA",16
"Tip Off",2605,0.052,29,26,"Altbier",16
"Cowbell",2164,0.054,23,26,"American Porter",16
"Hop Up Offa That Brett (2014)",2085,0.058,20,26,"Belgian Pale Ale",16
"PV Muckle (2013)",2084,0.083,23,26,"Scotch Ale / Wee Heavy",16
"Bourbon Barrel Batch 666: Sympathy for the Devil",2083,0.099,36,26,"Belgian Dark Ale",16
"Whip Fight",2082,0.09,30,26,"Scotch Ale / Wee Heavy",16
"Port Barrel Wee Mac",2081,0.053,23,26,"Scotch Ale / Wee Heavy",16
"Fistful Of Hops Red",2001,0.064,75,26,"American IPA",16
"Fistful of Hops Orange",2000,0.063,75,26,"American IPA",16
"Fistful Of Hops Blue",1999,0.064,75,26,"American IPA",16
"Fistful of Hops Green",1996,0.064,75,26,"American IPA",16
"Wee Muckle",1656,0.09,30,26,"Scotch Ale / Wee Heavy",16
"Royal Brat",1599,0.065,55,26,"Extra Special / Strong Bitter (ESB)",16
"Grapefruit Jungle (GFJ)",1420,0.075,77,26,"American IPA",16
"Osiris Pale Ale",1389,0.056,50,26,"American Pale Ale (APA)",16
"Bourbon Barrel Aged Timmie",1367,0.099,75,26,"Russian Imperial Stout",16
"Stupid Sexy Flanders",1366,0.063,23,26,"Flanders Oud Bruin",16
"Ring of Dingle",1128,0.071,27,26,"Irish Dry Stout",16
"Bourbon Barrel Wee Mac",1127,0.054,23,26,"Scottish Ale",16
"Bourbon Barrel Johan",1049,0.099,60,26,"English Barleywine",16
"The Velvet Fog",923,0.09,24,26,"Quadrupel (Quad)",16
"Sun King Oktoberfest",874,0.055,23,26,"Märzen / Oktoberfest",16
"Indianapolis Indians Lager",739,0.052,24,26,"Dortmunder / Export Lager",16
"Indians Victory Lager (2012)",698,0.052,24,26,"Dortmunder / Export Lager",16
"Isis",651,0.091,91,26,"American Double / Imperial IPA",16
"Wee Muckle (2011)",584,0.09,30,26,"Scotch Ale / Wee Heavy",16
"Grapefruit Jungle (GFJ) (2011)",532,0.075,77,26,"American IPA",16
"Sun King Oktoberfest (2011)",526,0.055,23,26,"Märzen / Oktoberfest",16
"Johan the Barleywine",394,0.099,60,26,"English Barleywine",16
"Wee Mac Scottish-Style Ale",213,0.054,23,26,"Scottish Ale",16
"Sunlight Cream Ale",55,0.053,20,26,"Cream Ale",16
"Osiris Pale Ale (2010)",54,0.056,50,26,"American Pale Ale (APA)",16
"BLAKKR",1739,0.099,85,62,"American Black Ale",16
"Overrated! West Coast Style IPA",1112,0.073,69,62,"American IPA",16
"WET",329,0.075,90,62,"American IPA",16
"Bitter Brewer",19,0.04,37,62,"English Bitter",16
"SurlyFest",18,0.055,34,62,"Rye Beer",16
"Coffee Bender",17,0.051,45,62,"American Brown Ale",16
"Bender",16,0.051,45,62,"American Brown Ale",16
"Abrasive Ale",15,0.097,120,62,"American Double / Imperial IPA",16
"Hell",14,0.051,20,62,"Keller Bier / Zwickel Bier",16
"CynicAle",13,0.067,33,62,"Saison / Farmhouse Ale",16
"Furious",12,0.062,99,62,"American IPA",16
"Big Nose",1242,0.073,50,448,"American IPA",12
"Cotton Mouth",1241,0.05,10,448,"Witbier",12
"Stump Knocker Pale Ale",1240,0.056,35,448,"American Pale Ale (APA)",12
"Midnight Oil",1239,0.05,38,448,"Oatmeal Stout",12
"Wild Night",1238,0.059,18,448,"Cream Ale",12
"Take Two Pils",2568,0.055,35,50,"German Pilsener",12
"Dodgy Knight Imperial IPA",1229,0.08,95,450,"American Double / Imperial IPA",12
"TailGate IPA",663,0.05,44,450,"American IPA",24
"TailGate IPA",662,0.05,44,450,"American IPA",12
"TailGate Hefeweizen",623,0.049,28,450,"Hefeweizen",24
"Blacktop Blonde",622,0.05,19,450,"American Blonde Ale",24
"Blacktop Blonde",362,0.05,19,450,"American Blonde Ale",12
"TailGate Hefeweizen",361,0.049,28,450,"Hefeweizen",12
"Wooden Rooster",2575,0.085,34,46,"Tripel",16.9
"Ginger Peach Saison",2555,0.048,20,46,"Saison / Farmhouse Ale",16
"Zombie Monkie",1736,0.062,35,46,"American Porter",16
"Wild Plum Farmhouse Ale",1196,0.056,20,46,"Saison / Farmhouse Ale",16
"Vanilla Bean Buffalo Sweat",1063,0.05,20,46,"Oatmeal Stout",16
"Ethos IPA",1017,0.068,110,46,"American IPA",16
"Tallgrass Pub Ale",1009,0.044,12,46,"American Brown Ale",16
"Oasis",912,0.072,93,46,"Extra Special / Strong Bitter (ESB)",16
"Buffalo Sweat",765,0.05,20,46,"Milk / Sweet Stout",16
"Halcyon Unfiltered Wheat",676,0.05,20,46,"American Pale Wheat Ale",16
"Halcyon Unfiltered Wheat",412,0.05,20,46,"American Pale Wheat Ale",12
"Köld Lager (2010)",105,0.05,16,46,"German Pilsener",16
"Oasis (2010)",104,0.072,93,46,"American Double / Imperial IPA",16
"Tallgrass Ale",103,0.044,22,46,"American Brown Ale",16
"Buffalo Sweat (2010)",102,0.05,20,46,"Milk / Sweet Stout",16
"Tallgrass IPA",101,0.063,60,46,"American IPA",16
"Old Elephant Foot IPA",544,0.07,80,491,"American IPA",16
"Peck's Porter",2640,0.065,35,8,"American Porter",16
"Deduction",2601,0.08,22,29,"Dubbel",12
"RecreationAle",1082,0.047,42,470,"American Pale Ale (APA)",12
"First Stand",2119,0.055,35,216,"Saison / Farmhouse Ale",12
"Battle LIne",2118,0.063,23,216,"American Brown Ale",12
"Broken Bridge",2117,0.056,12,216,"Dunkelweizen",12
"Brutus",2116,0.071,69,216,"English India Pale Ale (IPA)",12
"Heady Topper",1111,0.08,120,273,"American Double / Imperial IPA",16
"Heady Topper",379,0.08,120,273,"American Double / Imperial IPA",16
"Bomber Mountain Amber Ale (2013)",1200,0.046,20,458,"American Amber / Red Ale",12
"Indian Paintbrush IPA",1199,0.07,75,458,"American IPA",12
"Saddle Bronc Brown Ale (2013)",1198,0.048,16,458,"English Brown Ale",12
"Wagon Box Wheat Beer",1197,0.059,15,458,"American Pale Wheat Ale",12
"Bronx Summer Pale Ale",1748,0.052,16,330,"American Pale Ale (APA)",16
"Bronx Black Pale Ale",1747,0.057,46,330,"American Black Ale",16
"Bronx Pale Ale",1037,0.063,50,330,"American Pale Ale (APA)",16
"Surfrider",2594,0.052,35,34,"American Pale Ale (APA)",16
"Grandma's Pecan",1562,0.069,34,34,"English Brown Ale",16
"Double Trunk",1561,0.099,101,34,"American Double / Imperial IPA",16
"Just IPA",1749,0.046,45,329,"American IPA",12
"Hunny Do Wheat",2347,0.048,18,143,"American Pale Wheat Ale",12
"Watermelon Ale",2421,0.051,11,109,"Fruit / Vegetable Beer",12
"Knotty Blonde Ale",2319,0.04,18,154,"American Blonde Ale",12
"Fivepine Chocolate Porter",2317,0.062,40,154,"American Porter",12
"Hoodoo Voodoo IPA",2316,0.062,82,154,"American IPA",12
"Hydraulion Red",1913,0.053,22,274,"Irish Red Ale",12
"40 Mile IPA",1912,0.06,50,274,"American IPA",12
"Citra Faced",2617,0.055,64,22,"American Pale Wheat Ale",16
"Pole Barn Stout",2616,0.055,31,22,"Oatmeal Stout",16
"Pale",2615,0.054,37,22,"American Pale Ale (APA)",16
"Yoshi's Nectar",2614,0.053,27,22,"California Common / Steam Beer",16
"Cafe Leche",2623,0.058,20,18,"American Porter",16
"Damascene Apricot Sour",2622,0.052,12,18,"Fruit / Vegetable Beer",16
"Csar",2621,0.12,90,18,"Russian Imperial Stout",16
"Overlord Imperial IPA",1449,0.085,115,18,"American Double / Imperial IPA",16
"Alloy",951,0.058,36,18,"American IPA",16
"Rivet Irish Red Ale",950,0.051,22,18,"Irish Red Ale",16
"3 Gear Robust Porter",949,0.052,50,18,"American Porter",16
"Circuit Bohemian Pilsner",948,0.045,35,18,"Czech Pilsener",16
"Juke Joint IPA",1755,0.07,60,153,"American IPA",12
"Parade Ground Coffee Porter",1754,0.07,35,153,"American Porter",12
"Tin Roof Watermelon Wheat",1428,0.05,21,153,"Fruit / Vegetable Beer",12
"Tin Roof Blonde Ale",529,0.045,18,153,"American Blonde Ale",12
"Voodoo Bengal Pale Ale",495,0.055,37,153,"American Pale Ale (APA)",12
"Perfect Tin Amber",494,0.045,28,153,"American Amber / Red Ale",12
"IPA & a Half",1856,0.073,87,292,"American IPA",12
"Ornery Amber Lager (2003)",736,0.055,33,292,"Vienna Lager",12
"Almanac IPA",1938,0.062,72,266,"American IPA",12
"Farmer's Tan Red Ale",1936,0.06,30,266,"American Amber / Red Ale",12
"Nugget Nectar",2444,0.075,93,98,"American Amber / Red Ale",16
"Sunshine Pils",2203,0.045,45,98,"American Pilsner",12
"Troegenator Doublebock",1510,0.082,25,98,"Doppelbock",16
"Perpetual IPA",1509,0.075,85,98,"American IPA",12
"Greenville Pale Ale",433,0.055,52,540,"American Pale Ale (APA)",12
"Hoppy Boy",641,0.062,65,521,"American IPA",16
"Cow Creek",2588,0.054,26,39,"American Amber / Red Lager",12
"Chupahopra",2458,0.075,63,39,"American IPA",12
"Twisted X",2212,0.051,19,39,"American Adjunct Lager",12
"Day Hike Session",2235,0.041,41,191,"American IPA",12
"Trailhead ISA",1661,0.048,48,191,"American IPA",12
"Immersion Amber",1660,0.052,27,191,"American Amber / Red Ale",12
"Evo IPA",1659,0.062,70,191,"American IPA",12
"Evolutionary IPA (2012)",1173,0.062,70,191,"American IPA",12
"Persnickety Pale",560,0.057,36,191,"American Pale Ale (APA)",12
"SoDo Brown Ale",519,0.054,20,191,"American Brown Ale",12
"Immersion Amber Ale (2011)",518,0.052,27,191,"American Amber / Red Ale",12
"Evolutionary IPA (2011)",505,0.062,70,191,"American IPA",12
"Trailhead India Style Session Ale (2011)",482,0.048,48,191,"American IPA",12
"Wobble",2497,0.063,69,75,"American IPA",16
"Night Cat",2246,0.058,43,75,"American Dark Wheat Ale",12
"Night Cat (2014)",1630,0.058,43,75,"American Dark Wheat Ale",12
"Dog Days Lager",1284,0.051,17,75,"Dortmunder / Export Lager",12
"Sidekick Extra Pale Ale",1121,0.051,36,75,"American Pale Ale (APA)",12
"Atom Smasher",1042,0.077,23,75,"Märzen / Oktoberfest",12
"Cane and Ebel",861,0.07,68,75,"American Strong Ale",12
"PUNK'N",2310,0.05,10,160,"Pumpkin Ale",12
"Yard Sale Winter Lager",2100,0.04,22,160,"American Amber / Red Lager",12
"Trader Session IPA",1925,0.04,42,160,"American IPA",12
"Hop Nosh IPA",1723,0.073,83,160,"American IPA",12
"SUM'R",1212,0.04,17,160,"American Blonde Ale",12
"Organic Baba Black Lager",1097,0.04,32,160,"Schwarzbier",12
"Hop Notch IPA (2013)",1089,0.073,82,160,"American IPA",12
"Cutthroat Pale Ale",1088,0.04,34,160,"American Pale Ale (APA)",12
"WYLD Extra Pale Ale",974,0.04,29,160,"American Pale Ale (APA)",12
"The Green Room",2372,0.06,75,127,"American IPA",16
"Humbucker Helles",2367,0.047,25,127,"Maibock / Helles Bock",16
"Double Duckpin",2507,0.085,90,72,"American Double / Imperial IPA",12
"Old Pro",2506,0.042,10,72,"Gose",12
"Campside Session IPA",2190,0.045,50,203,"American IPA",16
"Upland Wheat Ale",1951,0.045,15,203,"Witbier",16
"Lee Hill Series Vol. 2 - Wild Saison",2563,0.068,24,52,"American Wild Ale",19.2
"Lee Hill Series Vol. 3 - Barrel Aged Imperial Stout",2562,0.099,51,52,"American Double / Imperial Stout",19.2
"Thai Style White IPA",1932,0.065,33,52,"American White IPA",12
"Ferus Fluxus Wild Belgian Pale Ale",1853,0.075,30,52,"American Wild Ale",19.2
"Upslope Imperial India Pale Ale",1315,0.099,90,52,"American Double / Imperial IPA",19.2
"Upslope Belgian Style Pale Ale",683,0.075,30,52,"Belgian Pale Ale",12
"Top Rope Mexican-style Craft Lager",466,0.048,15,52,"Vienna Lager",12
"Upslope Craft Lager",444,0.048,22,52,"Vienna Lager",12
"Common Sense Kentucky Common Ale",382,0.053,22,547,"American Brown Ale",16
"Upstate I.P.W.",381,0.065,70,547,"American IPA",12
"Squatters Hop Rising Double IPA",1825,0.09,75,303,"American Double / Imperial IPA",12
"Squatters Hop Rising Double IPA (2014)",1680,0.09,75,303,"American Double / Imperial IPA",12
"Voodoo Love Child",1770,0.092,25,323,"Tripel",12
"White Magick of the Sun",1769,0.079,23,323,"Witbier",12
"Wynona's Big Brown Ale",1730,0.075,31,323,"American Brown Ale",12
"Gran Met",1729,0.092,25,323,"Belgian Strong Pale Ale",12
"Good Vibes IPA",1603,0.073,85,323,"American IPA",12
"Pilzilla",1488,0.075,85,323,"American Double / Imperial Pilsner",12
"Wachusett Light IPA",1846,0.04,37,296,"American IPA",12
"Green Monsta IPA",1845,0.06,55,296,"American IPA",12
"Wachusett IPA",1844,0.056,50,296,"American IPA",12
"Larry Imperial IPA",1418,0.085,85,296,"American Double / Imperial IPA",12
"Country Pale Ale",1030,0.051,17,296,"English Pale Ale",12
"Wachusett Light IPA (2013)",1029,0.04,37,296,"American IPA",12
"Pumpkan",908,0.052,20,296,"Pumpkin Ale",12
"Wachusett Blueberry Ale",619,0.045,10,296,"Fruit / Vegetable Beer",12
"Green Monsta IPA",618,0.06,55,296,"American IPA",12
"Self Starter",2450,0.052,67,95,"American IPA",16
"Ermal's",2223,0.054,20,95,"Cream Ale",16
"Westbrook Gose",1312,0.04,5,385,"Gose",12
"White Thai",576,0.05,16,385,"Witbier",12
"Westbrook IPA",575,0.068,65,385,"American IPA",12
"Westfield Octoberfest",1645,0.057,22,352,"Märzen / Oktoberfest",12
"Charlie in the Rye",1550,0.058,55,352,"American IPA",12
"O’Malley’s IPA",2343,0.075,89,133,"American IPA",12
"L'il Lucy's Hot Pepper Ale",2341,0.049,28,133,"Chile Beer",12
"Hefe Lemon",1838,0.049,30,297,"Radler",12
"Hefe Black",1837,0.049,30,297,"Hefeweizen",12
"Widmer Brothers Hefeweizen",1836,0.049,30,297,"Hefeweizen",12
"Hop Slayer Double IPA",1619,0.082,100,362,"American Double / Imperial IPA",12
"Phat Chance",971,0.052,27,362,"American Blonde Ale",12
"Hop Slayer Double IPA (2011)",740,0.082,100,362,"American Double / Imperial IPA",12
"Hop Slayer Double IPA (2011)",430,0.082,100,362,"American Double / Imperial IPA",12
"Wild Onion Summer Wit",398,0.042,13,362,"Witbier",12
"Jack Stout",366,0.06,23,362,"Oatmeal Stout",12
"Paddy Pale Ale",162,0.056,41,362,"American Pale Ale (APA)",12
"Blonde Hunny",2253,0.068,21,182,"Belgian Pale Ale",12
"Wild Wolf Wee Heavy Scottish Style Ale",1318,0.057,20,182,"Scotch Ale / Wee Heavy",12
"Wild Wolf American Pilsner",1195,0.045,25,182,"American Pilsner",12
"Alpha Ale",1194,0.051,45,182,"American Pale Ale (APA)",12
"Ace IPA",762,0.074,83,510,"American IPA",16
"P-51 Porter",761,0.08,31,510,"American Porter",16
"#002 American I.P.A.",2148,0.071,60,212,"American IPA",12
"#004 Session I.P.A.",2146,0.048,38,212,"American IPA",12
"Ananda India Pale Ale",1470,0.062,61,240,"American IPA",12
"Tiny Bomb",1469,0.045,23,240,"American Pilsner",12
"Train Hopper",2627,0.058,72,15,"American IPA",12
"Troopers Alley IPA",1676,0.059,135,345,"American IPA",12
"Wolverine Premium Lager",1468,0.047,15,403,"American Pale Lager",12
"4000 Footer IPA",2417,0.065,82,110,"American IPA",12
"Summer Brew",2306,0.028,15,110,"American Pilsner",12
"Be Hoppy IPA",1697,0.065,69,340,"American IPA",16
"Worthy IPA",2194,0.069,69,200,"American IPA",12
"Easy Day Kolsch",1514,0.045,25,200,"Kölsch",12
"Lights Out Vanilla Cream Extra Stout",1513,0.077,30,200,"American Double / Imperial IPA",12
"Worthy IPA (2013)",1512,0.069,69,200,"American IPA",12
"Worthy Pale",1511,0.06,50,200,"American Pale Ale (APA)",12
"Belgorado",928,0.067,45,425,"Belgian IPA",12
"Silverback Pale Ale",145,0.055,40,425,"American Pale Ale (APA)",12
